translation,modern_translation,bleu_score,bleurt_score,bert_score
范 仲 淹 二 岁 的 时 候 成 了 孤 儿 。,范 仲 才 在 二 岁 才 被 孤 弃 ， 他 几 乎 忘,6.9681484127616906e-155,0.3567972183227539,0.7367131114006042
范 仲 淹 二 岁 的 时 候 成 了 孤 儿 。 母 亲 很 穷 ， 没 有 依 靠 。,年 岁 二 岁 才 孤 单 ， 母 亲 贫 穷 ， 不 敢 挟 着 他 们 ,6.0157543757845445e-155,0.3845419287681579,0.7168519496917725
范 仲 淹 二 岁 的 时 候 成 了 孤 儿 。 母 亲 很 穷 ， 没 有 依 靠 。 就 改 嫁 到 了 常 山 的 朱 家 。,国 范 仲 东 子 孟 子 洪 水 二 岁 时 孤 儿 ， 母 亲 贫 穷 ， 后 来 又 能 够 适 度 地 侍 候 于 山 朱 子 ,7.455014825922596e-155,0.3748074173927307,0.6950147151947021
母 亲 很 穷 ， 没 有 依 靠 。,"母 亲 恭 恭 不 鞠 板 ， 没 有 权 力 相 比 ,",3.3252037442622604e-78,0.4295452237129211,0.6878026127815247
母 亲 很 穷 ， 没 有 依 靠 。 就 改 嫁 到 了 常 山 的 朱 家 。,现 在 母 亲 们 们 们 是 贫 富 很 差 的 ， 我 们 只 有 适 够 的 山 地 居 住 地 方 ， 周 密 地 安 邠 族 的 人 。,4.152586198841012e-155,0.2554796040058136,0.6291094422340393
就 改 嫁 到 了 常 山 的 朱 家 。,一 次 再 有 所 不 适 忍 佛 的 山 ， 朱 子 的 阻 止 不 断 绝 。,1.2035620841904512e-231,0.2109590321779251,0.5814064741134644
长 大 以 后 ，,是 已 长  Development ，,1.4488496539373276e-231,0.1417009532451629,0.5695595145225525
长 大 以 后 ， 知 道 了 自 己 的 生 世 ，,已 长 了 ， 知 道 自 己 的 世 家 ， 就 可 以 离 开 了 ， 不 用 担 心 。,3.5634144457411127e-78,0.4438430070877075,0.7026605606079102
长 大 以 后 ， 知 道 了 自 己 的 生 世 ， 含 着 眼 泪 告 别 母 亲 ，,已 况 的 长 官 ， 知 道 自 己 的 世 家 将 要 灭 终 ， 感 叹 而 哭 辞 藐 离 ，,3.2683416997819595e-78,0.3601837754249573,0.6665217280387878
长 大 以 后 ， 知 道 了 自 己 的 生 世 ， 含 着 眼 泪 告 别 母 亲 ， 离 开 去 应 天 府 的 南 都 学 舍 读 书 。,已 长 了 ， 知 道 自 己 要 去 学 习 ， 感 叹 着 诗 词 语 ， 离 开 快 乐 的 世 家 ， 离 开 快 乐 的 国 家 ,2.95880460083302e-78,0.2683395445346832,0.657651960849762
知 道 了 自 己 的 生 世 ，,知 道 自 己 的 世 家 ， 那 就 不 怎 么 办 了 呢 ？ ， 我 们 要 去 爱 民 ,2.5751259695884524e-78,0.1627722978591919,0.6821810007095337
知 道 了 自 己 的 生 世 ， 含 着 眼 泪 告 别 母 亲 ，,知 道,5.003989162961595e-158,0.1214675977826118,0.5136616826057434
知 道 了 自 己 的 生 世 ， 含 着 眼 泪 告 别 母 亲 ， 离 开 去 应 天 府 的 南 都 学 舍 读 书 。,知 道 自 己 的 世 家 ， 感 受 到 诗 词 叫 叫 而 流 泪 ， 离 开 他 们 后 一 年 去 到 南 天 国 学 得 很 高 ，,2.9709583063858556e-78,0.2199492454528808,0.7015968561172485
含 着 眼 泪 告 别 母 亲 ，,是 感 泄 辞 猛 妻 ， 牵 动 心 慌 慌 ， 猜 测 是 诗 句 吧 ,8.726094729337946e-232,0.2466720938682556,0.5602726936340332
含 着 眼 泪 告 别 母 亲 ， 离 开 去 应 天 府 的 南 都 学 舍 读 书 。,感 动 到 泪 水 流 萁 ， 离 开 后 就 迁 到 南 方 的 大 都  ， 上 学 到 巧 趋 筑 。,2.1856718250793204e-78,0.3396538197994232,0.6780951619148254
离 开 去 应 天 府 的 南 都 学 舍 读 书 。,一 年 四 季 才 够 离 开 ， 离 开 后 就 赶 快 上 学 。 ,5.043788381574437e-155,0.3906958103179931,0.6193958520889282
白 天 、 深 夜 都 认 真 读 书 。,昼 夜 都 学 坏 倍 劳 劳 糊 糊 地 学 习 ， 学 不 倒 缩 ,4.241303569364337e-155,0.4038633704185486,0.6420164108276367
白 天 、 深 夜 都 认 真 读 书 。 五 年 中 ， 竟 然 没 有 曾 经 脱 去 衣 服 上 床 睡 觉 。,昼 夜 学  hard ， 五 年 不 解 却 停 了 睡 觉 。,1.3306253342398055e-78,0.2468883991241455,0.6753299236297607
五 年 中 ， 竟 然 没 有 曾 经 脱 去 衣 服 上 床 睡 觉 。,五 年 没 有 解 决 他 们 坞 的 就 寝 坞 里 。,5.337102335264827e-155,0.2074178606271743,0.6577206254005432
有 时 夜 里 感 到 昏 昏 欲 睡 ，,又 觉 了 很 昏 失 明 ，,8.853864984883468e-232,0.4810384511947632,0.6438934803009033
有 时 夜 里 感 到 昏 昏 欲 睡 ， 往 往 把 水 浇 在 脸 上 。,一 次 是 夜 幕 下 犹 昏 昧 ， 辄 为 利 益 而 修 养 干 劲 的 。,1.2035620841904512e-231,0.1763417720794677,0.6345701813697815
往 往 把 水 浇 在 脸 上 。,杨 贲 以 水 沥 扫 荒 田 。,1.250849891192838e-231,0.3337105214595794,0.6550695300102234
什 么 也 不 吃 ，,晏 子 说 ： 我 往 日 糖 薗 易 如 金 ，,9.594503055152632e-232,0.0488618090748786,0.5620195269584656
什 么 也 不 吃 ， 直 到 日 头 偏 西 才 吃 一 点 东 西 。 就 这 样 ，,过 往 没 有 充 满 糖 干 的 糖 水 ， 日 昃 时 候 就 开 始 吃 饭 了 ，,1.2439956612288085e-231,0.19399493932724,0.6308338046073914
什 么 也 不 吃 ， 直 到 日 头 偏 西 才 吃 一 点 东 西 。 就 这 样 ， 他 领 悟 了 六 经 的 主 旨 ，,过 往 没 有 充 满 糖 水 的 快 乐 ， 稍 后 才 开 始 吃 着 瘿 糜 的 食 物 ， 稍 后 才 能 充 满 六 经 的 意 志 ，,1.6623521759654575e-78,0.2308973371982574,0.6442257761955261
什 么 也 不 吃 ， 直 到 日 头 偏 西 才 吃 一 点 东 西 。 就 这 样 ， 他 领 悟 了 六 经 的 主 旨 ， 后 来 又 立 下 了 造 福 天 下 的 志 向 。,现 在 糖 食 搴 搴 不 满 ， 天 下 大 扩 开 始 要 食 ， 禹 先 生 推 开 六 经 的 重 要 ， 感 叹 自,1.3264573141001476e-78,0.139778584241867,0.629139244556427
直 到 日 头 偏 西 才 吃 一 点 东 西 。 就 这 样 ，,日 日 成 长 起 来 ，,3.192056898346732e-232,0.1403043866157531,0.5800701379776001
直 到 日 头 偏 西 才 吃 一 点 东 西 。 就 这 样 ， 他 领 悟 了 六 经 的 主 旨 ，,一 天 日 昃 起 吃 饭 ， 然 后 才 准 备 大 众 的 六 经 ， 这 是 为 了 让 人 们 能 够 接 受 这 些 经 理 学 说 的 ， 是 个 很 明 明 的 策 略 。,4.071492178318985e-155,0.28083536028862,0.6421277523040771
直 到 日 头 偏 西 才 吃 一 点 东 西 。 就 这 样 ， 他 领 悟 了 六 经 的 主 旨 ， 后 来 又 立 下 了 造 福 天 下 的 志 向 。,一 天 日 昃 起 吃 饭 ， 终 于 推 行 六 经 的 根 基 ， 怒 气 甘 为 人 生 起 来 ， 意 志 向 于 天 下 。,1.9755309407647872e-78,0.2575694322586059,0.6758430600166321
他 领 悟 了 六 经 的 主 旨 ，,然 后 统 一 六 国 ，,8.676910262183261e-232,0.2093268483877182,0.6734678149223328
他 领 悟 了 六 经 的 主 旨 ， 后 来 又 立 下 了 造 福 天 下 的 志 向 。,现 在 把 大 概 接 继 了 六 经 的 意 气 ， 感 动 而 有 志 气 地 说 ： 天 下 有 志 。,0.1100206828436183,0.5152729749679565,0.6804282069206238
后 来 又 立 下 了 造 福 天 下 的 志 向 。,语 体 翻 译 结 果 为 ：感 动 而 有 志 向 于 天 下 。,6.53175655370481e-155,0.4008222222328186,0.6475288271903992
他 常 常 自 己 讲 道 ：,人 们 经 常 自 己 所 具 有 的 经 历 所 识 感 受 到 ， 常 常 说 ： 。,2.367371798408295e-78,0.4178107976913452,0.6811707019805908
他 常 常 自 己 讲 道 ： 当 先 天 下 之 忧 而 忧 ，,常 常 受 受 受 受 说 诸 侯 们 倒 受 受 忧 愁 而 忧 愁 ， 当 时 天 下 就 很 忧 愁 ；,6.484592771860512e-155,0.5726192593574524,0.6756622791290283
他 常 常 自 己 讲 道 ： 当 先 天 下 之 忧 而 忧 ， 后 天 下 之 乐 而 乐 。,现 在 经 常 常 叫 做 ： 凭 仗 着 着 有 所 忧 愁 的 时 候 忧 愁 ， 端 正 的 时 候 快 乐 的 。,4.542803746870438e-155,0.5470872521400452,0.6476541757583618
当 先 天 下 之 忧 而 忧 ，,当 时 快 速 统 治 天 下 而 忧 愁 ， 是 因 为 天 下 太 多 了 ；,6.13274920178966e-155,0.4335876703262329,0.687869131565094
当 先 天 下 之 忧 而 忧 ， 后 天 下 之 乐 而 乐 。,现 在 天 下 快 要 崩 溃 ， 后 面 天 下 快 乐 而 快 乐 。,9.223764164425295e-155,0.5888947248458862,0.7112818956375122
后 天 下 之 乐 而 乐 。,后 世 都 以 为 那 里 下 的 快 乐 而 快 乐 。,7.293108985295422e-155,0.5434281826019287,0.6909499764442444
颜 渊 、,颜 渊 、,1.2213386697554703e-77,1.0053093433380127,1.0
颜 渊 、 子 路 侍 奉 在 孔 子 身 边 。,陈 颜 、,5.872692154299364e-233,0.1078258901834487,0.5733997821807861
子 路 侍 奉 在 孔 子 身 边 。,现 在 就 可 以 到 季 路 了 。,1.3483065280626046e-231,0.146957665681839,0.5883335471153259
孔 子 对 他 们 说 ：,文 言 文 化 之 人 兼 乐 ，,0.0,0.0559273585677146,0.530531108379364
孔 子 对 他 们 说 ： 何 不 各 自 说 你 们 的 志 向 呢 ？,陈 子 宋 说 ： 你 怎 么 说 ？ 盍 仗 着 各 种 见 解 你 的 意 志 呢 ？,6.651078679862552e-155,0.3731474280357361,0.7073230147361755
何 不 各 自 说 你 们 的 志 向 呢 ？,拥 有 这 样 多 的 言 谈 ， 盍 盆 旱 各 有 所 忍 住 ,1.0669733992029681e-231,0.1625934243202209,0.5949538350105286
子 路 说 ：,子 路 说 ：,1.0,1.0139392614364624,1.0
子 路 说 ： 希 望 可 以 把 车 马 衣 服 皮 袍 等 都 和 朋 友 一 起 分 享 共 用 ，,子 路 说 ： 与 我 们 共 享 圣 人 的 美 丧 ， 但 是 别 人 也 有 圣 人 的 亲 爱 ， 所 以 不 能 免 诱 取 他 们 的 心 怀 。,0.0683963348108131,0.3349100649356842,0.6250508427619934
子 路 说 ： 希 望 可 以 把 车 马 衣 服 皮 袍 等 都 和 朋 友 一 起 分 享 共 用 ， 就 算 这 些 东 西 都 破 旧 了 也 没 有 什 么 遗 憾 。,陈 子 路 说 ： 与 我 们 的 朋 友 一 起 ， 昔 年 没 有 。,0.074198624379504,0.1990794986486435,0.6594110131263733
希 望 可 以 把 车 马 衣 服 皮 袍 等 都 和 朋 友 一 起 分 享 共 用 ，,与  friends 一 起 ，,2.536500169166828e-156,0.1261458843946457,0.619827151298523
希 望 可 以 把 车 马 衣 服 皮 袍 等 都 和 朋 友 一 起 分 享 共 用 ， 就 算 这 些 东 西 都 破 旧 了 也 没 有 什 么 遗 憾 。,与  friends 一 起 ， 我 却 不 拿 他 们 。,5.552629969551449e-156,0.0450494289398193,0.6034371256828308
就 算 这 些 东 西 都 破 旧 了 也 没 有 什 么 遗 憾 。,我 也 不 敢 执 行 。,2.7671235799218932e-232,0.0707396268844604,0.6216213703155518
颜 渊 说 ：,颜 渊 说 ：,1.0,1.0548460483551023,0.9999999403953552
颜 渊 说 ： 希 望 不 夸 耀 自 己 的 长 处 ，,颜 渊 说 ： 我 愿 意 不 伐 善 者 ，,0.1827249680232283,0.5800624489784241,0.7475683689117432
颜 渊 说 ： 希 望 不 夸 耀 自 己 的 长 处 ， 也 不 表 白 自 己 的 功 劳 。,陈 渊 说 ： 我 恳 恳 希 望 不 要 侵 犯 善 良 的 人 ， 不 施 行 劳 作 。,3.4179895676652787e-78,0.4228740930557251,0.717842161655426
希 望 不 夸 耀 自 己 的 长 处 ，,我 愿 终 生 不 伐 善 者 ， 不 伐 善 的 也 是 为 了 免 诛 善 者 ，,1.1070900996592688e-231,0.4399667382240295,0.6240013241767883
希 望 不 夸 耀 自 己 的 长 处 ， 也 不 表 白 自 己 的 功 劳 。,我 愿 终 生 不 伐 善 ， 不 施 行 劳 资 。,8.542236178511213e-232,0.4977819323539734,0.6376767754554749
也 不 表 白 自 己 的 功 劳 。,参考翻译结果a: 不 施 行 动 作 。,8.676910262183261e-232,0.242944449186325,0.5947798490524292
子 路 对 孔 子 说 ：,子 路 说 ：,6.366907487417713e-155,0.6257075667381287,0.8690816760063171
子 路 对 孔 子 说 ： 愿 意 听 您 的 志 向 。,陈 子 路 说 ： 我 愿 意 听 孟 子 的 意 志 。,4.3516966646420565e-78,0.5851843953132629,0.8448746204376221
愿 意 听 您 的 志 向 。,我 也 愿 意 听 孟 子 的 心 志 。,4.0524962413351e-78,0.6104410886764526,0.7852770090103149
孔 子 说 ：,文 言 文 化 之 人 兼 乐 ，,0.0,0.0799891203641891,0.5285423994064331
孔 子 说 ： 能 让 老 人 过 得 安 适 ，,孟 子 说 ： 老 百 姓 安 定 ， 那 就 可 以 安 邠 。,2.8442409087371782e-78,0.437666654586792,0.7583404779434204
孔 子 说 ： 能 让 老 人 过 得 安 适 ， 能 让 所 有 朋 友 的 信 任 ，,陈 子 说 ： 老 百 姓 安 家 ， 朋 友 相 信 ， 这 就 可 以 几 乎 很 多 。,2.722864199982378e-78,0.4059426784515381,0.6853601336479187
孔 子 说 ： 能 让 老 人 过 得 安 适 ， 能 让 所 有 朋 友 的 信 任 ， 能 让 年 轻 的 人 怀 念 。,语 言 文 言 经 典 上 说 ： 老 百 姓 安 定 ， 朋 友 相 信 ， 少 的 人 总 是 怀 念 他 。,6.892919392507987e-155,0.5820820927619934,0.6934930682182312
能 让 老 人 过 得 安 适 ，,见 见 个 老 人 安 定 ，,6.805395922591311e-155,0.5249448418617249,0.7219190001487732
能 让 老 人 过 得 安 适 ， 能 让 所 有 朋 友 的 信 任 ，,老 百 妇 都 安 定 ， 朋 友 相 信 ， 。 ,4.3273494652935824e-155,0.4745556712150574,0.7024549841880798
能 让 老 人 过 得 安 适 ， 能 让 所 有 朋 友 的 信 任 ， 能 让 年 轻 的 人 怀 念 。,老 百 妇 都 安 定 ， 朋 友 相 信 他 ， 少 少 的 人 也 怀 孕 。,5.1132936686494846e-155,0.4400435090065002,0.671237587928772
能 让 所 有 朋 友 的 信 任 ，,亲 爱 的 朋 友 相 信 ， 只 要 您 相 信 他 们 ， 这 就 可 以 救 他 们 了 。 请 ��,4.333416561231983e-155,0.2328033745288849,0.6142740845680237
能 让 所 有 朋 友 的 信 任 ， 能 让 年 轻 的 人 怀 念 。,语 法 正 确 但 语 法 简 洁 ， 简 言 诗 长 ， 朋 友 相 信 ,4.9054707110052255e-155,0.3415179848670959,0.6018546223640442
能 让 年 轻 的 人 怀 念 。,语 义 上 少 有 。,7.060301868108111e-232,0.0789005160331726,0.5849691033363342
凡 是 顾 炎 武 外 出 旅 行 ，,前 生 的 所 有 人 都 去 游 离 ， ， ,9.788429383461836e-232,0.2612971067428589,0.5733110904693604
凡 是 顾 炎 武 外 出 旅 行 ， 都 用 马 、 骡 子 载 着 书 跟 随 自 己 。,现 在 的 人 几 个 ， 他 们 游 览 古 人 的 地 方 ， 只 有 两 匹 马 三 骏 三 颗 鞋 跟 一 匹 骆 马 一 匹 羊 三 匹 鞋 跟 一 只 狮,9.418382295637229e-232,0.2579242587089538,0.581565260887146
都 用 马 、 骡 子 载 着 书 跟 随 自 己 。,参 考 翻 译 结 果 ：以 二 只 马 三 颗 ��ulus 轻 轻 跑 一 起 搜 求 学 说 ，,8.319100378795605e-232,0.1469673365354538,0.5915700793266296
到 了 险 要 的 地 方 ，,所 谓 厄 塞 的 ， 是 最 低 最 劣 的 ， 是 最 劣 担 劲 的 ,1.0377133938315696e-231,0.2842044532299042,0.5659224390983582
到 了 险 要 的 地 方 ， 就 叫 退 役 的 差 役 打 探 所 到 之 处 的 详 细 情 况 ，,所 谓 厄 塞 的 ， 就 象 召 集 老 百 姓 唤 叫 老 兵 们 退 荒 询 解 他 们 的 所 有 悬 迫 ， 只 有 才 知 道 他 们 是 否 ；,3.991752103918031e-155,0.2992767691612243,0.6210969686508179
到 了 险 要 的 地 方 ， 就 叫 退 役 的 差 役 打 探 所 到 之 处 的 详 细 情 况 ， 有 时 发 现 所 到 之 处 的 情 况 和 平 日 里 知 道 的 不 相 符 ，,所 谓 厄 塞 的 最 优 行 为 方 式 ， 就 象 召 集 老 百 姓 弯 弯 肌 弯 的 召 集 老 兵 退 服 ，,2.541867953572631e-155,0.117084801197052,0.5757628679275513
就 叫 退 役 的 差 役 打 探 所 到 之 处 的 详 细 情 况 ，,一 昧 地 召 集 老 百 姓 去 役 军 ， 询 问 其 战 争 的 路 径 。,1.1200407237786665e-231,0.2357710003852844,0.6378656029701233
就 叫 退 役 的 差 役 打 探 所 到 之 处 的 详 细 情 况 ， 有 时 发 现 所 到 之 处 的 情 况 和 平 日 里 知 道 的 不 相 符 ，,即 召 集 老 百 姓 去 离 开 ， 询 问 兵 车 的 所 有 曲 折 。 ,4.263405258033464e-232,0.1619148701429367,0.619793176651001
有 时 发 现 所 到 之 处 的 情 况 和 平 日 里 知 道 的 不 相 符 ，,又 有 与 平 民 正 常 的 交 谈 不 听 懂 的 ， 所 以 不 合 理 。,1.319919120853524e-231,0.3940210342407226,0.6301208138465881
有 时 发 现 所 到 之 处 的 情 况 和 平 日 里 知 道 的 不 相 符 ， 就 走 向 街 市 客 店 中 ， 打 开 书 本 核 对 校 正 它 。,现 在 也 不 懂 过 ， 那 倒 是 把 它 散 开 在 绿 野 中 发 出 ， 就 会 迷 途 而 到 废 站 。,3.4665643290106906e-155,0.1123977825045585,0.6018702983856201
就 走 向 街 市 客 店 中 ， 打 开 书 本 核 对 校 正 它 。,现 在 就 好 了 ， 把 他 把 放 在 市 平 中 间 ， 肆 道 勋 劳 而 勋 劳 地 搜 染 罪 迹 。,1.1739546629120288e-231,0.1735575497150421,0.6065585017204285
有 时 直 接 行 走 地 平 坦 的 大 路 上 ，,也 可 是 辨 别 的 小 径 走 在 平 原 上 ，,6.072910347203158e-155,0.1951018571853637,0.6961594223976135
有 时 直 接 行 走 地 平 坦 的 大 路 上 ， 不 值 得 停 下 来 考 察 ，,也 可 是 走 在 平 原 上 ， 不 愿 意 留 下 一 点 留 意 ， 怎 么 办 呢 ？,2.250493055448548e-78,0.2908636331558227,0.6736056804656982
有 时 直 接 行 走 地 平 坦 的 大 路 上 ， 不 值 得 停 下 来 考 察 ， 就 在 马 背 上 默 默 地 诵 读 各 种 古 代 经 典 著 作 的 注 解 疏 证 ；,也 可 是 走 在 平 原 上 沿 河 边 远 远 远 建 城 邑 ， 不 担 心 留 下 一 点 意 思 ， 那 么 就 默 契 而 默 诵 《 书,3.5777663712039684e-155,0.278766930103302,0.6497471332550049
不 值 得 停 下 来 考 察 ，,不 愿 意 留 下 心 思 ，,1.258141043412406e-231,0.6253084540367126,0.7073229551315308
不 值 得 停 下 来 考 察 ， 就 在 马 背 上 默 默 地 诵 读 各 种 古 代 经 典 著 作 的 注 解 疏 证 ；,不 愿 意 留 下 心 思 ， 那 就 默 契 在 鞍 子 上 经 常 唱 唱 ； 能 听 到 的 《 革 命 经 书 》 和 《 鞠 鞀 经 书 》 都 很 有 启 觉 作,1.2882297539194156e-231,0.3609525263309479,0.6649854183197021
不 值 得 停 下 来 考 察 ， 就 在 马 背 上 默 默 地 诵 读 各 种 古 代 经 典 著 作 的 注 解 疏 证 ； 偶 尔 有 什 么 遗 忘 了 ，,不 愿 意 留 下 心 思 ， 那 就 默 叙 着 经 典 和 注 留 的 文 言 ； 有 人 遗 忘 ，,3.824747182160311e-155,0.2869610786437988,0.7122423052787781
就 在 马 背 上 默 默 地 诵 读 各 种 古 代 经 典 著 作 的 注 解 疏 证 ；,那 么 在 鞍 子 上 默 坚 定 地 读 《 书 》 ；,3.365724123188518e-155,0.3041892647743225,0.7058613896369934
就 在 马 背 上 默 默 地 诵 读 各 种 古 代 经 典 著 作 的 注 解 疏 证 ； 偶 尔 有 什 么 遗 忘 了 ，,那 么 在 鞍 子 上 默 叙 经 典 和 经 典 上 注 留 的 ； 有 的 是 忘 记 过 ， 但 是 还 是 拥 有 很 多 经 典 。,5.541564466373977e-155,0.3040059208869934,0.6694531440734863
就 在 马 背 上 默 默 地 诵 读 各 种 古 代 经 典 著 作 的 注 解 疏 证 ； 偶 尔 有 什 么 遗 忘 了 ， 就 到 客 店 中 打 开 书 仔 细 认 真 地 复 习 。,现 在 甚 至 是 在 鞍 子 上 默 叶 经 典 注 略 ； 有 人 却 忘 记 了 它 ， 那 么 就 在 普 通,3.643387654787737e-155,0.2508390247821808,0.6494274139404297
偶 尔 有 什 么 遗 忘 了 ，,有 些 事 情 遗 忘 ， 却 是 人 生 中 不 可 忽 视 的 。 ，,4.9054707110052255e-155,0.3991044759750366,0.6595642566680908
偶 尔 有 什 么 遗 忘 了 ， 就 到 客 店 中 打 开 书 仔 细 认 真 地 复 习 。,有 些 事 情 遗 忘 ， 那 就 会 在 市 中 大 扫 境 地 上 散 发 ， 犹 如 洗 干 浆 而 干 冻 的 水 芒 芒 然 一 般 爆 发 。,4.0432692373571865e-155,0.2434552609920501,0.6169204711914062
就 到 客 店 中 打 开 书 仔 细 认 真 地 复 习 。,then 他 就 会 在 市 中 大 批 公 孙 丑 和 贫 妇 等 人 中 批 发 礼 物 。,1.094855181967566e-231,0.1723795980215072,0.5921791791915894
欧 阳 询 曾 经 在 赶 路 的 途 中 ，,欧 阳 君 询 测 尝 试 行 ， 但 是 孟 施 于 天 下 ， 犹 是 不 行 为 于 天 下 ,4.262352868760118e-155,0.1424196511507034,0.6203141212463379
欧 阳 询 曾 经 在 赶 路 的 途 中 ， 见 到 一 块 古 碑 ，,欧 阳 君 询 测 尝 试 行 ， 见 到 古 碑 ， 这 就 好 了 。,4.3080226535839225e-78,0.4885978102684021,0.7127966284751892
欧 阳 询 曾 经 在 赶 路 的 途 中 ， 见 到 一 块 古 碑 ， 是 晋 代 书 法 家 索 靖 写 的 。,欧 阳 君 询 测 尝 试 行 为 ， 见 到 古 碑 ， 晋 国 的 《 书 》 。,2.9240088784488366e-78,0.4167693257331848,0.7044434547424316
见 到 一 块 古 碑 ，,拿 策 别 的 古 碑 ， 见 到 几 乎 是 同 样 的 。 ，,3.0074186032008e-78,0.2112390697002411,0.6839160323143005
见 到 一 块 古 碑 ， 是 晋 代 书 法 家 索 靖 写 的 。,拿 冰 山 的 碑 石 ， 晋 国 的 《 书 》 。,1.107719980955558e-231,0.3515732884407043,0.6587675213813782
是 晋 代 书 法 家 索 靖 写 的 。,晋 国 、,9.61854522837842e-233,0.1293715536594391,0.5780741572380066
他 驻 马 观 碑 ，,抱 怨 地 于 驾 车 观 察 别 人 的 行 为 ， 是 个 很 偏 心 的 东 西 。,9.893133360884868e-232,0.0917251631617546,0.5666603446006775
他 驻 马 观 碑 ， 许 久 才 离 开 。,抱 怨 不 退 ， 久 远 地 方 观 察 吧 。,1.3568676344828118e-231,0.2328191548585891,0.6211346983909607
许 久 才 离 开 。,一 直 过 好 年 而 走 了 。,1.0518351895246305e-231,0.2973977923393249,0.6442304253578186
可 是 没 走 多 远 ， 他 又 返 回 碑 前 ，,我 步 踩 着 数 百 歇 碑 子 壮 大 地 ，,1.0565078215140205e-231,0.1208748072385788,0.5963530540466309
可 是 没 走 多 远 ， 他 又 返 回 碑 前 ， 等 到 累 了 ，,我 跑 了 两 百 步 还 倒 退 缓  Roll 缓 缓 地 走 回 家 ， 累 了 很 多 ，,5.115747450649589e-155,0.4232993721961975,0.6645261645317078
可 是 没 走 多 远 ， 他 又 返 回 碑 前 ， 等 到 累 了 ， 就 把 皮 衣 铺 在 地 上 ，,我 跑 了 两 百 步 还 迎 及 疲 倦 ， 那 倒 做 是 穿 华 贵 的 衣 服 ， 坐 下 观 观 着 那 太 阳 下 面 那 漫 谜 的 天 象 ，,1.1337861261109773e-231,0.2514970302581787,0.6173335313796997
可 是 没 走 多 远 ， 他 又 返 回 碑 前 ， 等 到 累 了 ， 就 把 皮 衣 铺 在 地 上 ， 于 是 ， 他 就 留 宿 石 碑 旁 。,我 有 服 衣 往 前 走 了 仅 有 两 百 步 ， 累 了 很 多 ， 坐 坐 睁 大 眼 睛 观 赏 庐 山 ， 因 为 邮 贵,3.8536102925752676e-155,0.2539005279541015,0.6270313858985901
等 到 累 了 ，,一 到 是 疲 倦 的 时 候 ， 就 会 怎 么 办 ？,1.1008876702055896e-231,0.4290399551391601,0.6637481451034546
等 到 累 了 ， 就 把 皮 衣 铺 在 地 上 ，,一 次 又 耳 暴 ， 就 坐 坐 睁 眼 睁 看 ， ,5.344839673067706e-155,0.1500779539346695,0.6009430885314941
等 到 累 了 ， 就 把 皮 衣 铺 在 地 上 ， 于 是 ， 他 就 留 宿 石 碑 旁 。,一 次 劳 倦 ， 就 坐 着 穿 华 衣 的 ， 因 为 邮 贵 到 那 里 ， 但 是 晚 餐 却 是 糟 蹋 的 ，,4.393655368849994e-155,0.2229544669389724,0.654026210308075
等 到 累 了 ， 就 把 皮 衣 铺 在 地 上 ， 于 是 ， 他 就 留 宿 石 碑 旁 。 就 这 样 一 连 三 天 ， 他 才 恋 恋 不 舍 地 离 去 。,一 次 劳 倦 ， 就 坐 着 穿 华 衣 的 ， 因 为 邮 贵 到 那 里 ， 三 天 后 才 离 开 。,3.684994288739192e-155,0.3239316940307617,0.6724841594696045
就 把 皮 衣 铺 在 地 上 ，,晏 子 仔 坐 靠 着 着 着 布 衣 ，,1.1896457329133973e-231,0.1782647967338562,0.6604034900665283
就 把 皮 衣 铺 在 地 上 ， 于 是 ， 他 就 留 宿 石 碑 旁 。,那 他 坐 饭 台 毛 衣 薄 薄 ， 因 为 邮 贵 到 那 里 ， 但 是 旁 边 有 饭 桌 ， 晒 皮 皙 缝 隙 开 心 ,1.2363867681772577e-231,0.2035922706127166,0.6424526572227478
就 把 皮 衣 铺 在 地 上 ， 于 是 ， 他 就 留 宿 石 碑 旁 。 就 这 样 一 连 三 天 ， 他 才 恋 恋 不 舍 地 离 去 。,现 在 坐 着 羽 衣 衣 衣 的 ， 因 为 邮 贵 的 宠 爱 ， 昨 天 宠 爱 的 邮 馆 往 着 远 方 。 ,9.33155372164043e-232,0.1043290421366691,0.5943784713745117
于 是 ， 他 就 留 宿 石 碑 旁 。,因 为 宠 爱 的 牧 竞 而 另 外 放 置 ，,9.594503055152632e-232,0.0910875648260116,0.5932963490486145
于 是 ， 他 就 留 宿 石 碑 旁 。 就 这 样 一 连 三 天 ， 他 才 恋 恋 不 舍 地 离 去 。,因 为 宠 爱 的 牧 竞 而 卧 在 旁 边 ， 三 天 后 才 能 远 远 迁 迁 离 开 。,4.177551341445402e-155,0.2670751512050628,0.653934121131897
就 这 样 一 连 三 天 ， 他 才 恋 恋 不 舍 地 离 去 。,参 考 翻 译 结 果 ： 三 天 后 才 能 赶 快 前 往 。 ,4.897768495179317e-155,0.2661873996257782,0.6131635904312134
文 徵 明 贴 写 《 文 字 文 》 ，,文 王 待 到 明 尊 着 写 《 千 字 文 言 》 ，,8.673017095803965e-155,0.4490422010421753,0.7348930835723877
文 徵 明 贴 写 《 文 字 文 》 ， 每 天 以 写 十 本 作 为 标 准 ，,文 王,6.955142070410764e-236,0.126648411154747,0.5293600559234619
文 徵 明 贴 写 《 文 字 文 》 ， 每 天 以 写 十 本 作 为 标 准 ， 书 法 就 迅 速 进 步 起 来 。,文 王 待 到 明 尹 来 讲 《 千 字 文 言 》 说 ， 每 天 只 有 十 本 铅 灵 作 用 ， 他 总 是 沉 浮 于 书 权 人 的 行 为 方 式 。,2.1649110214839936e-78,0.4069736003875732,0.6713076233863831
每 天 以 写 十 本 作 为 标 准 ，,公 孙 丑 建 立 制 度 为 常 ， 每 日 只 有 十 本 钱 ， 这 就 称 之 为 正 常 ,4.506889438070446e-155,0.3847600817680359,0.6752711534500122
每 天 以 写 十 本 作 为 标 准 ， 书 法 就 迅 速 进 步 起 来 。,一 日 只 有 十 本 钱 ， 我 把 钱 都 送 给 了 老 师 。 老 师 总 是 推 出 先 前 不 行 的 行 为 方 式 ， 他 总 是 能 够 让 人 们 大 成 绩 。,3.3069081344332578e-155,0.395454466342926,0.6055969595909119
书 法 就 迅 速 进 步 起 来 。,参 考翻 译结 果：书 说 大 征 ， 国 家 大 进 一 步 。,1.2183324802375696e-231,0.4728787541389465,0.6223967671394348
他 平 生 对 于 写 字 ，,学 得 很 充 实 ， 平 安 于 书 ， 但 是 不 如 学 得 很 强 大 ,1.1337861261109773e-231,0.2853171825408935,0.5764451622962952
他 平 生 对 于 写 字 ， 有 时 给 人 回 信 ，,平 安 你 的 父 亲 ， 有 人 答 案 简 要 的 税 桅 ， 这 是 个 很 佳 诗 易 道 。,4.417599881331674e-155,0.1331760883331298,0.5671359896659851
他 平 生 对 于 写 字 ， 有 时 给 人 回 信 ， 稍 微 有 一 点 不 满 意 ，,平 安 的 人 生 在 书 权 中 ， 有 人 答 案 简 要 的 税 权 问 题 ， 有 人 不 懂 得 对 待 又 是 几 种 ， 这 几 种 呢 ？ ,4.27523670193478e-155,0.125334233045578,0.5821449756622314
他 平 生 对 于 写 字 ， 有 时 给 人 回 信 ， 稍 微 有 一 点 不 满 意 ， 一 定 三 番 五 次 地 改 写 它 ，,一 个 平 散 于 书 权 ， 有 人 答 案 简 要 ， 有 人 不 理 解 ， 再 三 次 经 过 变 暴 ， 他 就 不 厌 烦 了 ，,4.842967876203676e-155,0.2340458929538726,0.6424675583839417
有 时 给 人 回 信 ，,晏 子 答 懂 孟 子 的 简 札 ，,1.0244914152188953e-231,0.1566132158041,0.5911507606506348
有 时 给 人 回 信 ， 稍 微 有 一 点 不 满 意 ，,又 有 答 案 简 札 ， 少 用 不 懂 它 的 人 ， ， 这 样 就 会 损 害 人 民 的 意 气 ,1.250849891192838e-231,0.3023194074630737,0.5735212564468384
有 时 给 人 回 信 ， 稍 微 有 一 点 不 满 意 ， 一 定 三 番 五 次 地 改 写 它 ，,也 有 答 道 又 折 箱 又 折 袖 的 简 札 ， 少 不 当 意 ， 再 三 次 折 税 却 不 厌 烦 ，,4.6995438382983534e-155,0.1912572085857391,0.6339491009712219
有 时 给 人 回 信 ， 稍 微 有 一 点 不 满 意 ， 一 定 三 番 五 次 地 改 写 它 ， 因 此 他 的 书 法 越 到 老 年 ， 越 发 精 致 美 好 。,一 个 可 是 答 了 别 人 的 简 札 ， 另 外 的 几 个 不 懂 得 却 不 怎 么 办 ， 再 三 次 经,7.940599017512334e-232,0.0806628614664077,0.589292049407959
稍 微 有 一 点 不 满 意 ，,少 不 是 不 当 意 ，,5.79503507744524e-155,0.514270007610321,0.6090801954269409
稍 微 有 一 点 不 满 意 ， 一 定 三 番 五 次 地 改 写 它 ，,如 果 不 把 心 态 准 备 好 ， 再 觉 得 到 这 三 种 变 化 就 不 厌 烦 ， 这 说 明 孔 子 是 个 读 心 很 善 很 善 的 人 ， 但 是 不 要 是 这 样 。,9.788429383461836e-232,0.2191743552684784,0.5686358213424683
稍 微 有 一 点 不 满 意 ， 一 定 三 番 五 次 地 改 写 它 ， 因 此 他 的 书 法 越 到 老 年 ， 越 发 精 致 美 好 。,能 理 解 得 到 少 的 就 不 会 很 厌 ��ense ， 再 三 次 的 变 换 不 厌 烦 ， 所 以 老 百 姓 变 得 老 废 活 精 明 。,1.2785573224973342e-231,0.2287640869617462,0.63979572057724
一 定 三 番 五 次 地 改 写 它 ，,如 果 再 三 次 改 变 不 动 心 ， 那 就 不 会 厌 恶 ， 这 就 是 为 什 么 呢 ？,1.1409851298103348e-231,0.2663232684135437,0.6237624883651733
一 定 三 番 五 次 地 改 写 它 ， 因 此 他 的 书 法 越 到 老 年 ， 越 发 精 致 美 好 。,一 次 再 三 次 搭 换 不 厌 烦 ， 所 以 老 百 姓 变 得 更 新 而 更 新 的 。,1.1293036044216176e-231,0.2608592808246612,0.6608133316040039
因 此 他 的 书 法 越 到 老 年 ， 越 发 精 致 美 好 。,语 言 上 说 ：老 百 姓 老 师 老 师 的 老 化 程 度 越 优 ， 精 明 的 教 育 程 度 越 优 。,1.2769777614215992e-231,0.4166478514671325,0.6154749989509583
王 冕 是 诸 暨 县 人 。,孟 子 、 诸 � 都 是 诸 侯 王 的 人 ，,5.969061643530969e-155,0.2603123486042022,0.6524683237075806
七 八 岁 时 ，,七 八 岁 时 ， 孟 子 又 问 曾 柯 ： 曾 柯 曾 有 很 高 才 子 ， 怎 么 能 把 他 送 给 天 子 呢 ？,0.1085894367142332,0.4816555976867676,0.6793316602706909
七 八 岁 时 ， 父 亲 叫 他 在 田 埂 上 放 牛 ，,七 八 岁 时 ， 父 亲 意 尝 羁 绊 牛 陇 山 上 ， 父 亲 意 尝 要 死 ， 父 亲 意 尝 要 离 开 ,0.2066736214472914,0.2634390592575073,0.7392370104789734
七 八 岁 时 ， 父 亲 叫 他 在 田 埂 上 放 牛 ， 他 偷 偷 地 跑 进 学 堂 ，,七 八 岁 时 ， 父 亲 死 者 牧 牛 险 荒 在 山 上 ， 悄 悄 地 窃 听 学 校 的 声 音 ， ,0.2418068126014414,0.2967867255210876,0.7755280137062073
七 八 岁 时 ， 父 亲 叫 他 在 田 埂 上 放 牛 ， 他 偷 偷 地 跑 进 学 堂 ， 去 听 学 生 念 书 。,七 八 岁 时 ， 父 亲 死 者 牧 牛 险 境 中 ， 拿 着 学 习 ， 听 读 诸 侯 王 子 读 书 ；,0.2062437748335536,0.2318173497915268,0.7364019155502319
父 亲 叫 他 在 田 埂 上 放 牛 ，,父 亲 禾 苗 养 牛 陥 乎 灵 愿 ，,6.5138693299680855e-155,0.3174784183502197,0.6979922652244568
父 亲 叫 他 在 田 埂 上 放 牛 ， 他 偷 偷 地 跑 进 学 堂 ，,父 亲 送 孩 子 种 牲 牛 养 ��,2.3447547273082534e-155,0.1861765086650848,0.6739856004714966
父 亲 叫 他 在 田 埂 上 放 牛 ， 他 偷 偷 地 跑 进 学 堂 ， 去 听 学 生 念 书 。,父 亲 牧 牛 险 边 上 ， 拿 又 坟 烂 倒 滞 的 学 舍 ， 听 诸 侯 各 有 各 有 书 权 的 声 音 ， ��,4.603677844522013e-155,0.2177908718585968,0.6549534201622009
父 亲 叫 他 在 田 埂 上 放 牛 ， 他 偷 偷 地 跑 进 学 堂 ， 去 听 学 生 念 书 。 听 完 以 后 ，,父 亲 禾 苗 养 牛 险 山 上 ， 暗 中 跟 着 学 圈 进 班 ， 听 读 诗 歌 ， 学 习 很 快 ；,4.588855310328526e-155,0.2513110041618347,0.6897949576377869
他 偷 偷 地 跑 进 学 堂 ，,拿 偷 窃 找 帚 架 上 学 习 ，,1.3483065280626046e-231,0.3215870261192322,0.6374765634536743
他 偷 偷 地 跑 进 学 堂 ， 去 听 学 生 念 书 。,拿 偷 窃 窃 窃 着 进 学 院 ， 听 读 诗 歌 、 文 言 子 等 读 书 的 人 ； ,4.8164300671782836e-155,0.3875066637992859,0.6992672681808472
他 偷 偷 地 跑 进 学 堂 ， 去 听 学 生 念 书 。 听 完 以 后 ，,拿 偷 窃 窃 窃 进 入 学 舍 ， 听 诸 尊 的 人 读 书 ； 听 了 很 久 了 ， 但 是 还 没 有 理 解 ； 听 了 很 久 了 ， 但 是 还 没,1.2035620841904512e-231,0.3569248914718628,0.6721047163009644
他 偷 偷 地 跑 进 学 堂 ， 去 听 学 生 念 书 。 听 完 以 后 ， 总 是 默 默 地 记 住 。,拿 偷 坐 在 学 校 园 栽 ， 听 读 诗 歌 、 文 言 子 说 ； 听 完 了 ， 还 是 沉 浮 不 前 进 。,4.803430137390974e-155,0.4616376757621765,0.6696494817733765
去 听 学 生 念 书 。,学 习 听 读 诸 侯 的 人 诵 又 书 ；,1.2882297539194156e-231,0.4647579789161682,0.6744969487190247
去 听 学 生 念 书 。 听 完 以 后 ，,听 别 人 读 书 ， 听 了 很 久 就 读 过 了 ； 听 了 很 久 就 听 了 很 多 人 读 的 书 ， 我 也 读 过 了 很 多 。 ,1.1045881851389632e-231,0.5383031368255615,0.6366645693778992
去 听 学 生 念 书 。 听 完 以 后 ， 总 是 默 默 地 记 住 。,听 别 人 读 书 时 ， 听 了 很 多 ， 但 是 还 是 很 少 记 挙 了 。 听 了 很 多 ,4.8052765456263716e-155,0.6186199188232422,0.7077608108520508
听 完 以 后 ，,早 到 圣 人 听 了 ， 我 也 感 受 了 。,1.1409851298103348e-231,0.2294702231884002,0.6515167951583862
听 完 以 后 ， 总 是 默 默 地 记 住 。,早 已 听 听 听 ， 辄 好 凭 借 历 历 记 留 下 。,1.2882297539194156e-231,0.5324033498764038,0.6557594537734985
总 是 默 默 地 记 住 。,语 义 上 就 记 得 了 。,1.2882297539194156e-231,0.5542183518409729,0.6344465017318726
傍 晚 回 家 ，,晚 到 庆 祝 ，,1.4488496539373276e-231,0.3129263520240783,0.6932739615440369
傍 晚 回 家 ， 他 把 放 牧 的 牛 都 忘 记 了 。,晚 到 地 方 ， 忘 记 了 他 的 牛 匹 。,3.4342026934160926e-78,0.2859409153461456,0.7659351825714111
他 把 放 牧 的 牛 都 忘 记 了 。,参考翻译结果a：忘 记 了 彼 牛 。,3.9173721514497835e-155,0.3239582180976867,0.6607642769813538
王 冕 的 父 亲 大 怒 ， 打 了 王 冕 一 顿 。,我 父 亲 很 怒 的 。,2.7942537564301985e-155,0.2921868562698364,0.7018465995788574
过 后 ， 他 仍 是 这 样 。,一 直 是 做 好 初 期 的 人 ， 再 起 来 做 到 很 多 了 。,1.1484186507842885e-231,0.2624535262584686,0.6045321226119995
他 的 母 亲 说 ：,母 亲 说 ：,0.6065306597126334,0.752754807472229,0.8793203830718994
他 的 母 亲 说 ： 这 孩 子 想 读 书 这 样 入 迷 ，,母 亲 说 ： 孩 子 怎 么 搞 理 他 呢 ？,0.1757068182621697,0.2318725138902664,0.7211455702781677
他 的 母 亲 说 ： 这 孩 子 想 读 书 这 样 入 迷 ， 何 不 由 着 他 呢 ？,母 亲 说 ： 儿 子 怎 么 懂 得 这 么 劲 ， 既 宁 定 不 听 听 他 所 要 叫 叫 呢 ？,0.1202260496442699,0.3289840817451477,0.718122661113739
这 孩 子 想 读 书 这 样 入 迷 ，,孟 子 说 ： 听 孟 子 说 ， 我 儿 子 又 怎 么 说 ？ ，,1.0518351895246305e-231,0.2347499132156372,0.6057875752449036
这 孩 子 想 读 书 这 样 入 迷 ， 何 不 由 着 他 呢 ？,儿 痴 战 于 此 ， 曼 挫 不 听 他 所 要 听 的 呢 ？,5.178759661787199e-155,0.21596060693264,0.6379167437553406
何 不 由 着 他 呢 ？,普 通 话 说 ： 不 懂 他 们 为 什 么 不 听 呢 ？,5.359624986283916e-155,0.2974509000778198,0.6222981214523315
王 冕 从 此 以 后 就 地 离 开 家 ，,易 王 因 为 冢 ��vin 而 离 开 ， 易 王 拥 有 巨 大 国 库 ， 易 王 拥 有 巨 大 国 库 ,4.098292351100502e-155,0.2317795157432556,0.6244223117828369
王 冕 从 此 以 后 就 地 离 开 家 ， 寄 住 在 寺 庙 里 。,易 王 因 为 冢 夫 矣 ， 依 益 圣 人 居 住 于 监 禁 。,1.1832532987548624e-231,0.3319558203220367,0.6342458128929138
寄 住 在 寺 庙 里 。,依 靠 着 孔 圣 人 的 教 育 来 培 养 自 己 的 人 的 才 能 。,8.614911585158348e-232,0.3979485332965851,0.610893189907074
一 到 夜 里 ， 他 就 暗 暗 地 走 出 来 ，,沉 浮 于 海 ， 晚 夜 退 隐 ， 又 惠 不 惠 ， 又 惠 不 惠 ,1.1484186507842885e-231,0.2086778432130813,0.5999204516410828
一 到 夜 里 ， 他 就 暗 暗 地 走 出 来 ， 坐 在 佛 像 的 膝 盖 上 ，,昏 昧 的 夜 里 潜 艇 浸 薄 于 水 ， 坐 下 法 人 背 后 ， 。,5.412245098271028e-155,0.2243659198284149,0.6554667949676514
一 到 夜 里 ， 他 就 暗 暗 地 走 出 来 ， 坐 在 佛 像 的 膝 盖 上 ， 手 里 拿 着 书 就 着 佛 像 前 长 明 灯 的 灯 光 诵 读 ，,夜 深 深 深 深 深 深 深 深 深 深 深 深 深 深 深 深 深 深 深 深 深 深 深 深 深 深 深 深 深 深 深 深 深 深 深 深 深 深 深 深 深 深 深 深 深 深 深 深 深 深,6.817352958349419e-232,0.2824543118476867,0.4250498414039612
坐 在 佛 像 的 膝 盖 上 ，,慢  slightly 着 坐 在 佛 陀 灵 座 上 ， 背 着 身 高 的 背 面 ， 是 因 为 是 圣 人 。 ,2.2509875063309705e-78,0.3812841176986694,0.7047103047370911
坐 在 佛 像 的 膝 盖 上 ， 手 里 拿 着 书 就 着 佛 像 前 长 明 灯 的 灯 光 诵 读 ，,护 焉 坐 下 腹 地 站 在 佛 山 山 上 ， 护 着 策 烤 映 辨 别 阔 大 灯 读 书 ， 是 因 为 是 一 个 读 书 人 ，,5.294647826932765e-155,0.3139030635356903,0.6423729062080383
坐 在 佛 像 的 膝 盖 上 ， 手 里 拿 着 书 就 着 佛 像 前 长 明 灯 的 灯 光 诵 读 ， 书 声 琅 琅 一 直 读 到 天 亮 。,护 焉 坐 在 佛 山 山 上 的 时 候 ， 护 着 策 畴 映 辐 辨 细 灵 明 仪 器 的 时 候 ， 琐 琦 如 日,1.5800959398528818e-78,0.2089391946792602,0.5982373952865601
手 里 拿 着 书 就 着 佛 像 前 长 明 灯 的 灯 光 诵 读 ，,拥 着 积 累 的 规 划 映 辉 照 耀 辉 照 着 那 里 面 的 灯 ， 读 书 时 沉 浮 思 ，,4.8737184232898805e-155,0.2292443364858627,0.6312260627746582
手 里 拿 着 书 就 着 佛 像 前 长 明 灯 的 灯 光 诵 读 ， 书 声 琅 琅 一 直 读 到 天 亮 。,拥 着 积 累 的 规 划 映 辉 灯 读 书 ， 易 如 易 反 。,7.386437929758728e-232,0.2120043039321899,0.5974704027175903
书 声 琅 琅 一 直 读 到 天 亮 。,语 义 上 就 会 达 到 旦 那 样 高 强 大 。,1.1200407237786665e-231,0.2235186100006103,0.533594012260437
佛 像 多 是 泥 塑 的 ，,佛 像 是 许 多 土 地 的 偶 然 ， 这 是 为 了 几 万 乘 的 人 而 建 立 的 。,4.717068855239749e-155,0.2568332850933075,0.6789170503616333
佛 像 多 是 泥 塑 的 ， 王 冕 虽 是 小 孩 ，,佛 像 是 拥 有 很 多 土 地 的 ， 冉 禄 的 小 国 家 ， ， ,6.9373832093277834e-155,0.1959286332130432,0.6578625440597534
佛 像 多 是 泥 塑 的 ， 王 冕 虽 是 小 孩 ， 却 神 色 安 然 ， 好 像 没 有 看 见 似 的 。,现 在 的 佛 像 很 多 土 地 ， 冉 牛 的 小 国 家 ， 看 起 来 就 很 差 一 点 。,4.504321082631598e-155,0.2333696782588958,0.6235643625259399
王 冕 虽 是 小 孩 ，,冕 国 的 小 儿 ，,1.2967862918337585e-231,0.4241734147071838,0.7222510576248169
王 冕 虽 是 小 孩 ， 却 神 色 安 然 ， 好 像 没 有 看 见 似 的 。,现 在 的 农 夫 儿 很 少 ， 看 见 他 就 会 怒 气 。,4.092972433371513e-155,0.1578542292118072,0.6255562901496887
却 神 色 安 然 ， 好 像 没 有 看 见 似 的 。,a 说 ： 好 象 不 见 。,5.9430374753870144e-232,0.313324511051178,0.6672821640968323
安 阳 的 韩 性 听 说 ， 觉 得 他 与 众 不 同 ，,学 习 韩 国 的 人 就 会 听 听 不 同 的 意 气 ， 这 就 会 让 人 感 受 到 不 同 意 思 。 ,4.373418331483711e-155,0.3369414210319519,0.6466709971427917
安 阳 的 韩 性 听 说 ， 觉 得 他 与 众 不 同 ， 将 他 收 作 学 生 ，,普 通 人 会 读 韩 国 书 ， 听 又 不 同 ， 我 们 把 它 总 是 穆 苴 一 样 把 弟 子 一 起 学 习 ， 我 们 把 它 总 是 把 弟 子,1.5359921273551537e-78,0.1943099200725555,0.5990164875984192
安 阳 的 韩 性 听 说 ， 觉 得 他 与 众 不 同 ， 将 他 收 作 学 生 ， 于 是 学 成 了 博 学 多 能 的 儒 生 。,现 在 几 个 人 会 觉 得 韩 国 那 样 别 具 性 质 的 ， 我 们 拿 另 外 的 书 本 ， 跟 弟 子 一 起 学 习 ， 最 后 成 为 通 ��,4.268835553450474e-155,0.2266642898321151,0.6092227101325989
将 他 收 作 学 生 ，,易 为 弟 子 ，,8.166726842395623e-232,0.2114564180374145,0.7201712727546692
将 他 收 作 学 生 ， 于 是 学 成 了 博 学 多 能 的 儒 生 。,担 任 学 生 为 弟 子 ， 最 后 为 孟 子 学 为 传 统 人 。,4.920968510408716e-155,0.475577712059021,0.6699007749557495
于 是 学 成 了 博 学 多 能 的 儒 生 。,禾 苗 成 全 ， 终 身 为 儒 师 。,1.0976852611324293e-231,0.4528182744979858,0.6443430781364441
当 初 ，,是 前 面 的 ，,1.2183324802375696e-231,0.1174883991479873,0.6020479202270508
当 初 ， 孙 权 对 吕 蒙 说 ：,先 生 又 说 ：,3.085870763357767e-155,0.4488523006439209,0.6672182083129883
当 初 ， 孙 权 对 吕 蒙 说 ： 您 现 在 担 任 要 职 ，,先 来 又 称 吴 吾 吾 吾 的 人 说 ： 现 在 您 是 润 洁 润 的 掌 柜 人 ， ,5.72773290480137e-155,0.2740823030471802,0.6464046835899353
当 初 ， 孙 权 对 吕 蒙 说 ： 您 现 在 担 任 要 职 ， 不 可 以 不 学 习 ！,首 先 ， 宋 王 权 力 叫 做 吕 蒙 说 ： 现 在 润 润 润 他 们 掌 柄 的 ， 不 能 不 学 很 多 。,0.1175116376252529,0.3456114530563354,0.7081061005592346
孙 权 对 吕 蒙 说 ：,权 谓 吕 蒙 说 ： ， 我 们 又 说 ： 。,0.2044800736021839,0.5286776423454285,0.7585209608078003
孙 权 对 吕 蒙 说 ： 您 现 在 担 任 要 职 ，,权 谓 吕 蒙 说 ： 现 在 您 承 担 润 洁 掌 护 掌 的 重 要 作 用 ， ,0.1496284837254666,0.3909691572189331,0.7580805420875549
孙 权 对 吕 蒙 说 ： 您 现 在 担 任 要 职 ， 不 可 以 不 学 习 ！,现 在 的 国 家 主 张 说 ： 权 力 叫 做 吕 蒙 ， 现 在 润 润 掘 井 的 卿 相 润 澡 一 样 ， 不 能 不 学 习 它 们 。,2.371904923562188e-78,0.2548895478248596,0.6757625937461853
您 现 在 担 任 要 职 ，,现 在 您 把 卿 卿 相 比 突 过 掌 柜 ，,5.969061643530969e-155,0.2258642613887787,0.6687830686569214
您 现 在 担 任 要 职 ， 不 可 以 不 学 习 ！,现 在 您 承 认 卿 卿 子 承 认 涂 掌 统 治 的 重 要 ， 不 能 不 学 习 吧 ！,2.8338792031635803e-78,0.4225914478302002,0.6897684335708618
不 可 以 不 学 习 ！,语 义 上 不 可 不 学 习 ！,0.3549481056010053,0.7008596658706665,0.7891035676002502
吕 蒙 以 军 中 事 务 繁 多 为 借 口 推 辞 了 。,参 考翻 译结 果：蒙 轲 把 兵 圣 放 在 战 争 中 。,9.709385502639237e-232,0.1083222776651382,0.6069658994674683
孙 权 说 ：,陈 权 说 ：,8.636168555094496e-78,0.734967052936554,0.8257197141647339
孙 权 说 ： 我 难 道 要 您 研 究 经 典 成 为 博 士 吗 ？,权 曾 问 ： 您 怎 样 想 却 不 杀 却 要 使 用 于 国 家 的 经 度 哪 怕 ？,1.2882297539194156e-231,0.2612903714179992,0.6341820955276489
我 难 道 要 您 研 究 经 典 成 为 博 士 吗 ？,现 在 您 要 要 是 却 不 欲 望 却 要 求 宋 国 经 度 的 高 官 吧 ？,1.1896457329133973e-231,0.365321397781372,0.626336932182312
只 要 您 广 泛 阅 读 ，,但 是 当 时 要 猎 猎 ， 他 怎 么 损 害 呢 ？ 他,1.0832677820940876e-231,0.0532458052039146,0.5527018308639526
只 要 您 广 泛 阅 读 ， 见 识 从 前 的 事 情 罢 了 ，,但 是 当 时 要 猎 猎 ， 见 到 往 日 的 耳 朵 。,4.729852449410561e-155,0.2191974222660064,0.6447524428367615
见 识 从 前 的 事 情 罢 了 ，,语 言 上 见 往 者 的 声 音 耳 朵 就 会 有 感 受 。,1.0669733992029681e-231,0.1779808104038238,0.599119246006012
您 说 事 务 繁 多 ，,卿 孙 轲 说 ： 你 有 很 多 事 务 ， 您,6.60585259847259e-155,0.4573225975036621,0.7182199358940125
您 说 事 务 繁 多 ， 哪 里 比 得 上 我 呢 ？,卿 孔 说 ：,8.235377291091144e-233,0.1740972697734832,0.5276018977165222
哪 里 比 得 上 我 呢 ？,是 否 比 孤 徒 还 要 少 ？,1.250849891192838e-231,0.2457168102264404,0.6269695162773132
我 常 常 读 书 ，,孤 僻 几 辆 耕 耘 勿 齐 ，,1.0518351895246305e-231,0.1193534880876541,0.5935496091842651
我 常 常 读 书 ， 自 己 觉 得 有 很 大 的 收 获 。,通 常 孤 弃 一 本 书 ， 自 己 觉 得 它 很 有 所 什 益 。,0.2833929617605286,0.4116688966751098,0.7310187816619873
自 己 觉 得 有 很 大 的 收 获 。,自 以 为 大 有 所 做 的 。,1.2594482068582576e-231,0.403025209903717,0.669418215751648
于 是 吕 蒙 开 始 学 习 。,参 考翻 译结 果：蒙 丝 国 蒙 乃 始 终 是 学 习 。,3.3252037442622604e-78,0.3459430336952209,0.6481808423995972
到 等 鲁 肃 经 过 寻 阳 时 ，,曾 经 访 问 鲁 国 、 肅 武 国 ， 都 不 愿 意 去 寻 洋 穷 。 ， ,1.2035620841904512e-231,0.1918117403984069,0.6042611002922058
到 等 鲁 肃 经 过 寻 阳 时 ， 跟 吕 蒙 一 道 议 论 军 事 ，,一 直 行 到 鲁 国 、 邹 国 、 邑 许 、 穆 脍 苗 、 蒙 蔓 蔡 、 邑 贵 、,1.1640469867513693e-231,0.1860243380069732,0.5946711301803589
到 等 鲁 肃 经 过 寻 阳 时 ， 跟 吕 蒙 一 道 议 论 军 事 ， 非 常 惊 讶 地 说 ：,一 直 过 己 国 鲁 国 邑 边 疆 ， 议 议 跟 蒙 地 下 国 一 般 ， 又 惊 奇 地 说 ： 吾 国 怎 么 能 够 找 他 们 呢 ？,1.80225800389529e-78,0.3897207379341125,0.6601489186286926
到 等 鲁 肃 经 过 寻 阳 时 ， 跟 吕 蒙 一 道 议 论 军 事 ， 非 常 惊 讶 地 说 ： 您 现 在 的 才 干 谋 略 ，,一 直 行 到 鲁 国 、 鲁 肃 ， 议 访 蒙 臣 至 少 有 一 天 ， 卿 孙 丑 说 ： 现 在 的 君 主 还 是 不 强,2.2464900569107066e-78,0.2746159434318542,0.6701114177703857
跟 吕 蒙 一 道 议 论 军 事 ，,与 蒙 臣 一 起 讨 论 ， 议 论 许 下 ， 但 是 不 能 够 推 行 。,4.927224994977926e-155,0.3553023636341095,0.697845995426178
跟 吕 蒙 一 道 议 论 军 事 ， 非 常 惊 讶 地 说 ：,与 孟 子 讨 论 观 议 ， 听 孟 子 说 ， 我 尊 尊,1.2101798587368884e-231,0.2650862336158752,0.6743104457855225
跟 吕 蒙 一 道 议 论 军 事 ， 非 常 惊 讶 地 说 ： 您 现 在 的 才 干 谋 略 ，,与 蒙 蔓 蔓 细 节 讨 论 ， 大 惊  surprised 地 说 ： 卿 孙 丑 今 天 的 人 才 要 了 ，,2.311066579150589e-78,0.2533102929592132,0.7038567066192627
跟 吕 蒙 一 道 议 论 军 事 ， 非 常 惊 讶 地 说 ： 您 现 在 的 才 干 谋 略 ， 不 再 是 当 年 吴 地 的 阿 蒙 ！,与 孟 子 、,0.0,0.0127018690109252,0.52785325050354
非 常 惊 讶 地 说 ：,太 惊 叫 做 ：,9.711929667259896e-232,0.4286796450614929,0.6238375902175903
非 常 惊 讶 地 说 ： 您 现 在 的 才 干 谋 略 ，,令 孟 子 大 惊 扬 说 ： 现 在 的 卿 相 官 ， 他 们 还 是 不 忘 记 起 来 略 低 一 点 ，,2.221564720171487e-78,0.2403703331947326,0.6594259142875671
非 常 惊 讶 地 说 ： 您 现 在 的 才 干 谋 略 ， 不 再 是 当 年 吴 地 的 阿 蒙 ！,曰 ： 卿 相 今 天 才 浅 入 畏 惧 ， 不 如 再 复 吴 国 的 阿 蒙 ， 还 是 不 行 为 理 。,2.3490186949827327e-78,0.3936232030391693,0.6625568866729736
您 现 在 的 才 干 谋 略 ，,现 在 的 卿 相 比 略  behind ， 这 就 是 为 了 不 觉 到 他 们 的 奢 爱 ， 而 是 为 了 不 觉 到 他 们 的 偏 心 ,1.5428399736529735e-78,0.2155695855617523,0.5938507914543152
您 现 在 的 才 干 谋 略 ， 不 再 是 当 年 吴 地 的 阿 蒙 ！,现 在 的 卿 相 官 ， 只 有 略 乏 ； 不 如 复 建 吴 国 的 阿 蒙 。,3.725551848022915e-78,0.4383580088615417,0.6939072012901306
不 再 是 当 年 吴 地 的 阿 蒙 ！,不 是 再 一 次 从 呼 叙 陈 那 样 学 习 阿 蒙 ，,5.667113443314699e-155,0.4118294715881347,0.6723544001579285
吕 蒙 说 ：,贡 平 王 说 ：,8.38826642100846e-155,0.4685795307159424,0.7538219094276428
吕 蒙 说 ： 读 书 人 离 别 三 日 ，,蒙 子 说 ： 读 书 人 别 养 三 日 ， 而 读 书 人 别 养 不 三 日 ，,0.228667222315749,0.3874680399894714,0.7835726141929626
吕 蒙 说 ： 读 书 人 离 别 三 日 ， 就 应 该 重 新 别 眼 相 看 。,陈 蔡 公 说 ： 读 书 人 别 的 三 天 ， 即 使 是 在 病 院 待 候 ， 也 不 怠 一 点 ,0.1461178309014507,0.2983129024505615,0.695356011390686
吕 蒙 说 ： 读 书 人 离 别 三 日 ， 就 应 该 重 新 别 眼 相 看 。 大 哥 为 什 么 这 么 迟 才 改 变 看 法 呢 ！,陈 蔡 公 说 ： 读 书 人 别 别 日 有 兴 ， 即 使 是 在 穿 破 破 破 着 眼 睛 相 待 ， 哪,0.1113325924623129,0.1249924302101135,0.6524436473846436
读 书 人 离 别 三 日 ，,士  class 别 的 三 日 ，,4.677477553605556e-78,0.2913290858268738,0.7232668995857239
读 书 人 离 别 三 日 ， 就 应 该 重 新 别 眼 相 看 。,士  class 别 三 日 ， 即 使 是 刮 着 眼 睛 相 见 ， 也 不 愿 意 辨 别 。,0.1225914995865642,0.3004182577133178,0.6971494555473328
读 书 人 离 别 三 日 ， 就 应 该 重 新 别 眼 相 看 。 大 哥 为 什 么 这 么 迟 才 改 变 看 法 呢 ！,现 在 我 别 三 天 没 有 见 ， 即 使 是 刮 着 眼 睛 相 待 下 来 ， 哪 怕 大 兄 弟 晚 了 吧 ！,4.119144143573657e-155,0.2786313891410827,0.6237839460372925
就 应 该 重 新 别 眼 相 看 。,即 使 是 刮 着 眼 睛 相 互 待 候 ， 也 不 愈 不 倦 。,1.1640469867513693e-231,0.3609053492546081,0.5937125086784363
就 应 该 重 新 别 眼 相 看 。 大 哥 为 什 么 这 么 迟 才 改 变 看 法 呢 ！,即 使 是 刮 着 眼 睛 相 互 待 候 ， 那 很 大 兄 长 子 还 不 知 道 他 们 在 晚 餐 桌 子 下 面 做 什 么 呢 ？,3.918477812555336e-155,0.2446306347846985,0.5920644998550415
大 哥 为 什 么 这 么 迟 才 改 变 看 法 呢 ！,我 大 哥 怎 么 到 底 呢 ？,3.718128840246149e-155,0.2485766559839248,0.6989930868148804
鲁 肃 于 是 拜 见 吕 蒙 的 母 亲 ，,拜 蒙 古 地 猪 兽 三 伏 而 坐 ，,1.2021513525930774e-231,0.1145971119403839,0.5928646922111511
鲁 肃 于 是 拜 见 吕 蒙 的 母 亲 ， 与 吕 蒙 结 为 朋 友 才 辞 别 。,拜 蒙 古 母 三 遂 ， 结 诸 乱 而 别 国 。,8.054925256346369e-232,0.2463379800319671,0.6147834658622742
与 吕 蒙 结 为 朋 友 才 辞 别 。,结 贤 于 爱 民 而 别 人 。,1.1084551487393798e-231,0.2136022448539734,0.5627983212471008
我 的 屋 子 里 ，,在 我 的 小 屋 里 ， ，,9.696727898117387e-155,0.526801347732544,0.8603172302246094
我 的 屋 子 里 ， 有 的 书 堆 在 木 箱 上 ，,我 的 屋 檐 下 面 有 很 多 植 物 ， 有 时 我 们 挟 着 睁 眼 镜 ， 挟 着 睖 子 ，,2.2715466036159864e-78,0.1697622686624527,0.7133236527442932
我 的 屋 子 里 ， 有 的 书 堆 在 木 箱 上 ， 有 的 书 陈 列 在 前 面 ，,我 的 房 屋 里 ， 有 人 搭 建 箪 箪 ， 有 人 住 在 前 面 ， 有 人 住 在 后 面 ， 有 人 住 在 旁 边 ,0.1291231002927818,0.3253449201583862,0.7781431674957275
我 的 屋 子 里 ， 有 的 书 堆 在 木 箱 上 ， 有 的 书 陈 列 在 前 面 ， 有 的 书 放 在 床 上 ， 抬 头 低 头 ，,我 的 室 内 ， 有 人 居 住 在 笑 虎 棺 ， 有 人 住 在 前 面 ， 有 人 睃 诸 乎 坐 坐 摆 于 床 台 ， 有 人 睃,0.1388960020865683,0.2277167290449142,0.7452021837234497
有 的 书 堆 在 木 箱 上 ，,易 化 地 住 下 来 ，,8.416851712392762e-232,0.0854275450110435,0.6082051396369934
有 的 书 堆 在 木 箱 上 ， 有 的 书 陈 列 在 前 面 ，,或 做 在 梁 惠 的 山 邑 居 住 ， 或 在 邠 地 的 山 邑 居 住 ， 或 在 邠 地 的 山 邑 居 住 ，,1.2083860769943533e-231,0.3190240263938904,0.6197695136070251
有 的 书 堆 在 木 箱 上 ， 有 的 书 陈 列 在 前 面 ， 有 的 书 放 在 床 上 ， 抬 头 低 头 ，,,0.0,0.0421235635876655,0.4975372850894928
有 的 书 堆 在 木 箱 上 ， 有 的 书 陈 列 在 前 面 ， 有 的 书 放 在 床 上 ， 抬 头 低 头 ， 四 周 环 顾 ， 没 有 不 是 书 的 。,一 个 昔 日 居 住 在 山 谷 ， 另 一 个 居 住 在 前 面 ， 另 一 个 摆 放 在 床 台 ， 几 个 是 读 书 的 老 ��,0.0933828156667711,0.199921041727066,0.7201464772224426
有 的 书 陈 列 在 前 面 ，,柳 陈 易 受 难 ，,8.396161215621529e-232,0.0707750990986824,0.5908212065696716
有 的 书 陈 列 在 前 面 ， 有 的 书 放 在 床 上 ， 抬 头 低 头 ，,又 有 陈 述 在 前 面 ， 又 有 枕 台 挟 在 床 台 ， 这 就 是 人 生 中 的 很 多 东 西 。,0.1114672746089044,0.2258291840553283,0.6936982870101929
有 的 书 陈 列 在 前 面 ， 有 的 书 放 在 床 上 ， 抬 头 低 头 ， 四 周 环 顾 ， 没 有 不 是 书 的 。,一 个 可 是 在 前 面 陈 述 ， 另 一 个 可 是 押 贵 于 床 台 的 礼 物 ， 有 几 个 是 读 书 的 人 ， 俯 仰 四 面 顾 仲 文,2.178446364807842e-78,0.2553163170814514,0.6791241765022278
有 的 书 放 在 床 上 ， 抬 头 低 头 ，,别 人 可 能 留 下 枕 子 在 床 架 ，,5.3286579041953965e-155,0.2142579555511474,0.6617544293403625
有 的 书 放 在 床 上 ， 抬 头 低 头 ， 四 周 环 顾 ， 没 有 不 是 书 的 。,现 在 也 可 以 把 爱 民 的 枕 子 放 在 床 ， 众 佚 于 四 周 的 诗 词 人 也 不 怎 么 不 学 得 忍 耐 吗 ？,1.977706421071844e-78,0.2065654247999191,0.6391394138336182
四 周 环 顾 ， 没 有 不 是 书 的 。,担 心 四 周 没 有 人 来 见 ， 只 有 《 书 》 能 解 决 这 个 问 题 。,6.083683266869439e-155,0.5237455368041992,0.6508480906486511
我 的 饮 食 起 居 ，,我 们 吃 吃 饭 吃 吃 食 物 ， 吃 饭 吃 东 西 ， 吃 饭 上 糗 食 ,1.1200407237786665e-231,0.1564202755689621,0.6387614011764526
我 的 饮 食 起 居 ， 感 到 悲 伤 ， 忧 愁 ，,我 们 吃 吃 饭 吃 吃 东 西 ， 很 快 乐 很 高 兴 ， 很 哀 愁 很 愤 怒 ， 是 因 为 吃 东 西 啊 ，,1.1454162233972301e-231,0.3662131428718567,0.6760024428367615
我 的 饮 食 起 居 ， 感 到 悲 伤 ， 忧 愁 ， 不 曾 不 与 书 在 一 起 的 。,我 吃 各 种 食 物 ， 各 有 不 同 的 境 历 ， 各 有 不 同 的 情 况 ， 我 还 总 是 感 叹 不 服 丧 。 我 还 没 有 不 去 读,1.3192937256748264e-231,0.3384524583816528,0.6459531784057617
感 到 悲 伤 ， 忧 愁 ，,悲 哀 愤 怒 ， 这 是 怎 样 才 能 够 招 来 人 民 的 悦 动 心 呢 ？ 这 就 是 为 了 招 来 人 民 的 悦 动 心 ， 吧 。,9.657011266549739e-232,0.5492990612983704,0.598513662815094
感 到 悲 伤 ， 忧 愁 ， 不 曾 不 与 书 在 一 起 的 。,悲 哀 愤 怒 ， 我 还 不 愿 意 不 与 《 书 》 一 起 。,7.346153272462044e-155,0.4845348000526428,0.743279218673706
不 曾 不 与 书 在 一 起 的 。,一 直 没 有 不 与 《 书 》 同 行 互 相 相 吻 。,5.667113443314699e-155,0.5619430541992188,0.6897284984588623
客 人 不 来 拜 访 ，,不 满 足 于 的 是 宾 客 和 客 观 评 价 ， 这 就 是 不 值 得 待 下 的 。,1.0832677820940876e-231,0.3359150886535644,0.6300119161605835
客 人 不 来 拜 访 ， 落 冰 雹 等 变 化 ， 也 不 知 道 。,不 满 足 于 宾 客 的 人 ， 但 风 雨 雹 的 变 化 是 不 知 道 怎 样 变 化 的 。,2.6192891457062226e-78,0.401411235332489,0.7299388647079468
落 冰 雹 等 变 化 ， 也 不 知 道 。,但 天 气 变 极 端 的 时 候 ， 人 们 的 意 气 也 会 变 得 不 知 道 他 们 的 意 气 变 极 端 。,1.8435201129673048e-78,0.2324742674827575,0.6473646759986877
偶 尔 想 要 站 起 来 ，,是 因 为 人 间 有 所 思 考 ，,1.0244914152188953e-231,0.136425569653511,0.6158461570739746
偶 尔 想 要 站 起 来 ， 但 杂 乱 的 书 围 绕 着 我 ，,是 因 为 有 意 思 攻 起 ， 但 是 混 杂 的 文 言 文 化 就 会 使 人 散 漫 ， 这 就 会 使 人 感 受 到 压 榨 。,3.918477812555336e-155,0.2531334459781647,0.6202870011329651
偶 尔 想 要 站 起 来 ， 但 杂 乱 的 书 围 绕 着 我 ， 好 像 积 着 的 枯 树 枝 ，,是 因 为 有 意 思 干 掘 ， 但 是 混 杂 的 书 桌 掌 挡 起 来 ， 就 好 比 是 积 昧 的 枝 叶 ，,2.559273543323934e-78,0.4017682075500488,0.707892894744873
偶 尔 想 要 站 起 来 ， 但 杂 乱 的 书 围 绕 着 我 ， 好 像 积 着 的 枯 树 枝 ， 有 时 到 了 不 能 行 走 ，,是 因 为 有 意 思 干 ， 但 是 混 杂 了 书 权 ， 就 好 比 来 干 秩 极 端 ， 还 要 不 得 去 做 到 归 还 ，,4.7742930243868505e-155,0.1932291984558105,0.6191511154174805
但 杂 乱 的 书 围 绕 着 我 ，,既 然 执 to 学 的 人 怎 么 办 呢 ？ 但 是 我 们 怎 么 办 呢 ？ ，,1.1896457329133973e-231,0.1333583742380142,0.5796386003494263
但 杂 乱 的 书 围 绕 着 我 ， 好 像 积 着 的 枯 树 枝 ，,而 把 《 书 》 拥 有 的 人 围 绕,3.147665035833743e-155,0.1591948121786117,0.6003168821334839
但 杂 乱 的 书 围 绕 着 我 ， 好 像 积 着 的 枯 树 枝 ， 有 时 到 了 不 能 行 走 ，,而 执 着 拥 持 《 书 》 的 人 围 绕 着 它 ， 就 好 象 是 积 昧 的 ， 有 时 还 不 能 行 为 于 它 ， 有 时 还 不 懂 它 。,3.2737040503778343e-78,0.4108712077140808,0.698992908000946
但 杂 乱 的 书 围 绕 着 我 ， 好 像 积 着 的 枯 树 枝 ， 有 时 到 了 不 能 行 走 ， 于 是 就 自 己 笑 自 己 说 ：,而 另 外 的 《 书 》 被 围 绕 着 ， 就 好 象 是 掘 井 而 不 行 为 ， 那 倒 是 又 不 敢 去 诱 取 ， 只 以 笑,1.8472929760890368e-78,0.2438371628522873,0.6660518050193787
好 像 积 着 的 枯 树 枝 ，,就 象 积 存 昔 年 极 箪 枪 那 样 ， 积 累 一 点 点 ， 极 少 有 什 么 新 鲜 东 西 。,9.418382295637229e-232,0.1186553910374641,0.6088924407958984
好 像 积 着 的 枯 树 枝 ， 有 时 到 了 不 能 行 走 ，,就 象 积 暂 存 的 枝 头 一 样 ， 有 时 竟 不 能 行 为 于 他 ， 这 就 是 不 可 行 必 顺 的 。,2.850285529650453e-78,0.4891077876091003,0.7354989647865295
好 像 积 着 的 枯 树 枝 ， 有 时 到 了 不 能 行 走 ， 于 是 就 自 己 笑 自 己 说 ：,如 果 比 积 极 极 少 ， 就 可 以 让 人 笑 倒 易 。 ,6.643501150042005e-232,0.3114288449287414,0.5805343985557556
好 像 积 着 的 枯 树 枝 ， 有 时 到 了 不 能 行 走 ， 于 是 就 自 己 笑 自 己 说 ： 这 不 是 我 说 的 鸟 窝 吗 ？,如 果 比 积 极 极 少 ， 还 是 不 能 走 到 底 底 的 地 方 ， 那 么 辄 臣 自 己 又 要 笑 ��,4.656218490366373e-155,0.2666537761688232,0.6194398403167725
有 时 到 了 不 能 行 走 ，,又 至 不 能 行 为 于 很 多 地 ， 还 可 以 不 行 为 于 很 多 地 ， 这 就 是 不 行 为 于 很 多 地 。,1.5270462878358646e-78,0.5084205865859985,0.6264150142669678
有 时 到 了 不 能 行 走 ， 于 是 就 自 己 笑 自 己 说 ：,至 少 不 行 为 于 不 行 ， 那 么 辄 道 的 人 就 会 说 ： ；,5.4954191975204066e-155,0.2683834433555603,0.6414300203323364
有 时 到 了 不 能 行 走 ， 于 是 就 自 己 笑 自 己 说 ： 这 不 是 我 说 的 鸟 窝 吗 ？,一 个 可 是 不 行 为 理 ， 那 借 用 他 们 的 笑 声 说 ： 这 些 不 是 我 所 说 的 巢 悬 的 墨 君 啊 ！,2.9959615621893485e-78,0.3132463693618774,0.6846299171447754
于 是 就 自 己 笑 自 己 说 ：,周 文 王 爱 民 的 行 为 ，,0.0,0.1280594021081924,0.5163870453834534
于 是 就 自 己 笑 自 己 说 ： 这 不 是 我 说 的 鸟 窝 吗 ？,甲 公 辄 辄 自 那 谓 巢 匠 又 问 ： 这 不 是 我 所 说 的 巢 匠 啊 ！,0.1833170494948505,0.3506651818752289,0.7310656309127808
这 不 是 我 说 的 鸟 窝 吗 ？,这 不 是 我 所 说 的 巢 墨 啊 ！,0.2790159393585827,0.5124401450157166,0.8348054885864258
于 是 邀 请 客 人 走 近 看 。,那 么 他 会 把 客 团 观 看 那 些 人 。,1.3568676344828118e-231,0.2516821622848511,0.6585767865180969
客 人 开 始 不 能 够 进 入 ，,请 吧 ， 晏 公 的 客 迁 不 能 进 ， 晏 公 先 生 却 拿 一 扇 币 裘 衣 服 来 见 ,4.417599881331674e-155,0.1352919638156891,0.6452255845069885
客 人 开 始 不 能 够 进 入 ， 已 进 屋 的 ， 也 不 能 出 来 ，,请 停 一 下 ，,4.966191707291264e-233,0.1374986171722412,0.5590360760688782
客 人 开 始 不 能 够 进 入 ， 已 进 屋 的 ， 也 不 能 出 来 ， 于 是 也 大 笑 着 说 ：,请 停 一 半 ，,1.0026568133960397e-233,0.0578764900565147,0.5541794896125793
客 人 开 始 不 能 够 进 入 ， 已 进 屋 的 ， 也 不 能 出 来 ， 于 是 也 大 笑 着 说 ： 确 实 啊 ，,请 停 一 下 ，,4.505227473283169e-234,0.0950921550393104,0.5563575625419617
已 进 屋 的 ， 也 不 能 出 来 ，,是 既 然 您 既 然 拥 有 利 益 却 不 能 去 见 诸 �,4.368048869756373e-155,0.1460777372121811,0.6010243892669678
已 进 屋 的 ， 也 不 能 出 来 ， 于 是 也 大 笑 着 说 ：,既 然 抵 攥 却 不 能 抵 押 �,2.341553330285833e-155,0.2108082771301269,0.5758492350578308
已 进 屋 的 ， 也 不 能 出 来 ， 于 是 也 大 笑 着 说 ： 确 实 啊 ，,既 然 抵 了 又 不 能 脱 离 ， 那 他 大 笑 说 ： 我 相 信 你 ， 。,6.804933319517222e-155,0.4224416017532348,0.7031581401824951
已 进 屋 的 ， 也 不 能 出 来 ， 于 是 也 大 笑 着 说 ： 确 实 啊 ， 这 像 鸟 窝 。,现 在 既 是 入 境 了 ， 却 不 能 脱 离 ， 那 他 也 就 大 笑 着 说 ： 我 相 信 他 ， 就 好 象 是 巨 兽 的 墙 壁,0.12524296922554,0.3589535653591156,0.7183964252471924
于 是 也 大 笑 着 说 ：,然 后 大 笑 到 哪 里 都 会 ， 说 ： ：,7.098450576376767e-155,0.3708894848823547,0.724609911441803
于 是 也 大 笑 着 说 ： 确 实 啊 ，,那 他 也 大 笑 说 ： 我 相 信 你 ， 但 是 我 还 不 确 定 。,2.972520735696054e-78,0.6010885238647461,0.7228453755378723
于 是 也 大 笑 着 说 ： 确 实 啊 ， 这 像 鸟 窝 。,那 就 同 样 大 笑 说 ： 我 相 信 你 ， 这 就 好 象 是 巢 币 ！,7.0536631636192156e-155,0.3305666744709015,0.7238701581954956
确 实 啊 ，,是 信 任 不 用 ，,1.1640469867513693e-231,0.1661085486412048,0.6072230935096741
确 实 啊 ， 这 像 鸟 窝 。,语 法 上 还 有 不 同 ，,9.55980462367717e-232,0.1387531757354736,0.6036679148674011
这 像 鸟 窝 。,是 象 养 禽 异 役 ，,0.0,0.1556093543767929,0.6730434894561768
有 个 想 向 董 遇 求 教 的 人 ，,有 人 从 学 习 而 成 就 大 成 就 ， 这 就 称 之 为 有 才 能 的 学 习 。,1.1640469867513693e-231,0.2012063711881637,0.6002247929573059
有 个 想 向 董 遇 求 教 的 人 ， 董 遇 不 肯 教 ，,有 人 学 到 很 多 ， 遇 到 不 愿 意 教 育 的 人 ， 不 用 教 育 他 ， 他 还 会 学 到 很 多 东 西 。,1.8702421094045355e-78,0.2823688983917236,0.6699336171150208
有 个 想 向 董 遇 求 教 的 人 ， 董 遇 不 肯 教 ， 却 说 ：,有 人 学 到 很 多 ， 遇 到 不 愿 意 教 育 的 人 ， 他 又 会 说 ：,2.9154018748021785e-78,0.3250821828842163,0.706479549407959
有 个 想 向 董 遇 求 教 的 人 ， 董 遇 不 肯 教 ， 却 说 ： 必 须 在 这 之 前 先 读 百 遍 。,有 人 学 习 厄 国 文 言 ， 遇 不 愿 意 学 习 ， 他 说 ： 先 要 读 百 姓 一 百 遍 。,2.6312318018163533e-78,0.3797088265419006,0.7448640465736389
董 遇 不 肯 教 ，,拒 绝 见 不 执 教 的 人 ， 不 要 教 育 他 们 。 ，,1.1808001696991508e-231,0.146802544593811,0.6409589052200317
董 遇 不 肯 教 ， 却 说 ：,拿 到 不 愿 意 教 育 它 ， 而 说 ： 教 育 它 ， 就 可 以 几 点 吧 。,4.703022836735944e-155,0.2455745637416839,0.667267918586731
董 遇 不 肯 教 ， 却 说 ： 必 须 在 这 之 前 先 读 百 遍 。,拿 到 不 愿 意 教 育 它 ， 而 说 ： 必 须 先 读 一 百 遍 。,0.2076047003130265,0.4356160163879394,0.7959006428718567
却 说 ：,而 说 ： 你 做 什 么 办 ？,6.08970970641905e-155,0.5427097678184509,0.7063121795654297
却 说 ： 必 须 在 这 之 前 先 读 百 遍 。,但 是 说 ： 先 要 读 他 一 百 遍 吧 。,7.559895759068455e-155,0.5112967491149902,0.788673460483551
必 须 在 这 之 前 先 读 百 遍 。,一 定 要 先 读 百 世 人 共 一 百 遍 。,4.772234596095121e-78,0.5706589818000793,0.784461259841919
意 思 是 ：,说 ：,5.635809992474887e-232,0.4034410715103149,0.616330623626709
意 思 是 ： 读 书 一 百 遍 ，,孟 子 说 ： 读 书 一 百 遍 ， 就 可 以 忘 遍 吧 。,0.3482352832757853,0.5588059425354004,0.7738093137741089
意 思 是 ： 读 书 一 百 遍 ， 它 的 意 思 自 然 显 现 出 来 了 。,语 义 ： 读 书 一 百 遍 ， 是 意 识 的 人 也 会 自 然 见 得 到 的 。,0.3042060837668054,0.4703700542449951,0.7508683204650879
读 书 一 百 遍 ，,学 习 一 个 词 义 百 倍 ， 学 习 一 个 文 言 上 一 句 话 百 倍 ， 学 习 一 个 文 言 文 言 一 倍 ,1.0080942617254968e-231,0.4017175436019897,0.6191838383674622
读 书 一 百 遍 ， 它 的 意 思 自 然 显 现 出 来 了 。,语 法 上 翻 译 结 果 还 不 错 ， 但 是 意 思 上 还 不 够 准 备 了 。 ,5.5928682194669055e-155,0.4423173666000366,0.6192314028739929
它 的 意 思 自 然 显 现 出 来 了 。,是 自 己 所 见 的 人 的 行 为 。,1.2021513525930774e-231,0.2598257958889007,0.5929656624794006
求 教 的 人 说 ：,从 学 为 主 的 人 说 ： ，,0.2984745896009823,0.5871557593345642,0.7549775242805481
求 教 的 人 说 ： 苦 于 没 时 间 。,从 学 为 人 说 ： 各 种 苦 矣 ，,3.3436321266514167e-78,0.4358066320419311,0.6971151232719421
苦 于 没 时 间 。,语 义 上 不 受  bother 。,1.1200407237786665e-231,0.2324144393205642,0.5707767009735107
董 遇 说 ：,随 自 然 而 遇 ：,1.384292958842266e-231,0.305862545967102,0.6047263145446777
董 遇 说 ： 应 当 用 三 余 。,找 到 语 言 学 说 ： 当 时 只 有 三 个 。,6.072910347203158e-155,0.2844743430614471,0.6413938403129578
应 当 用 三 余 。,参考翻译结果a: 当 时 只 有 三 个 。,1.4256605770826504e-231,0.516032338142395,0.6161452531814575
有 人 问 三 余 的 意 思 ，,语 义 上 还 有 三 个 不 同 意 义 。,1.2882297539194156e-231,0.3478551506996155,0.6326781511306763
董 遇 说 ：,随 自 然 而 遇 ：,1.384292958842266e-231,0.305862545967102,0.6047263145446777
董 遇 说 ： 冬 天 是 一 年 的 农 余 时 间 ，,接 近 灵 台 时 ， 又 有 冬 天 岁 年 超 过 一 倍 ， 这 说 明 是 易 成 长 而 快 乐 的 ,4.927224994977926e-155,0.2294335067272186,0.6205843687057495
董 遇 说 ： 冬 天 是 一 年 的 农 余 时 间 ， 夜 晚 是 白 天 的 多 余 时 间 ，,您 们 见 到 我 说 ： 冬 天 年 仅 有 一 岁 的 年 ， 夜 天 有 一 岁 的 年 ，,0.1281210789007867,0.3436998426914215,0.6997549533843994
董 遇 说 ： 冬 天 是 一 年 的 农 余 时 间 ， 夜 晚 是 白 天 的 多 余 时 间 ， 下 雨 的 日 子 一 年 四 季 都 有 余 。,您 见 到 说 ： 冬 天 年 差 几 岁 ， 夜 夜 天 天 的 年 差 几 岁 ， 阴 沉 下 雨 的 时 候 岁 岁 的 年,0.1133927974301705,0.314636081457138,0.6846973299980164
冬 天 是 一 年 的 农 余 时 间 ，,冬 天 的 年 仅 有 一 倍 ， 夏 天 的 年 仅 有 一 倍 ， 春 秋 有 七 倍 ,4.922348962291463e-155,0.2821810841560364,0.6258240342140198
冬 天 是 一 年 的 农 余 时 间 ， 夜 晚 是 白 天 的 多 余 时 间 ，,在 冬 天 的 年 仗 累 岁 ， 在 夏 天 的 年 仗 累 岁 ， 这 样 几 年 岁 劳 劳 倍 劳 劳 ，,5.588730969771522e-155,0.2597600817680359,0.64308100938797
冬 天 是 一 年 的 农 余 时 间 ， 夜 晚 是 白 天 的 多 余 时 间 ， 下 雨 的 日 子 一 年 四 季 都 有 余 。,冬 天 的 年 仅 有 一 岁 ， 夜 天 的 年 仅 有 一 岁 ， 阴 沉 的 雨 水 也 只 有 一 岁 的 时 候 。,6.4672810414938704e-155,0.4719282388687134,0.6977803111076355
夜 晚 是 白 天 的 多 余 时 间 ，,昨 夜 看 见 今 天 还 有 ， 是 因 为 昨 天 看 见 到 的 是 明 天 还 有 的 人 ， 所 以 今 天 还 有 。,1.1366384407888319e-231,0.2827599644660949,0.6250590085983276
夜 晚 是 白 天 的 多 余 时 间 ， 下 雨 的 日 子 一 年 四 季 都 有 余 。,现 在 的 日 子 ， 就 有 昨 天 没 有 的 ， 阴 沉 雨 天 气 也 有 昨 天 没 有 的 。,2.1856718250793204e-78,0.4903873205184936,0.6585214734077454
下 雨 的 日 子 一 年 四 季 都 有 余 。,易 化 的 雨 时 ， 有 的 是 随 雨 而 来 的 。,1.3091834502273125e-231,0.2860745191574096,0.6477173566818237
君 子 说 ，,君 子 说 ： ，,7.380245217279165e-78,0.8622223138809204,0.8940277099609375
君 子 说 ， 学 习 不 可 以 停 止 。,文言 文 ： 君 子 说 ： 学 习 不 可 以 快 乐 的 就 放 弃 了 。,0.2468849867202587,0.4125570654869079,0.8001728653907776
学 习 不 可 以 停 止 。,学 习 不 停 止 不 能 停 了 。,4.856474469839071e-78,0.6819711923599243,0.812015950679779
但 它 比 蓼 蓝 的 颜 色 更 青 ；,拿 对 于 蓝 天 黑 而 青 蓝 的 。 ,6.061838450024688e-155,0.2527117729187011,0.6376889944076538
但 它 比 蓼 蓝 的 颜 色 更 青 ； 冰 是 由 水 凝 结 成 的 ，,如 果 掌 抓 得 到 蓝 天 雾 霞 而 青 蓝 强 于 蓝 天 雾 霞 ； 冰 箱 ，,4.703022836735944e-155,0.1557164937257766,0.598412275314331
但 它 比 蓼 蓝 的 颜 色 更 青 ； 冰 是 由 水 凝 结 成 的 ， 但 它 比 水 更 冷 。,一 到 受 丧 的 蓝 蓬 时 ， 青 霞 比 蓝 蓬 要 新 鲜 ； 冰 账 ， 水 本 来 是 温 暖 而 又 寒 于 水 。,4.7654553793195306e-155,0.3415612876415252,0.6762200593948364
冰 是 由 水 凝 结 成 的 ，,是 冰 ，,2.465581483011069e-232,0.3057768642902374,0.7150704860687256
冰 是 由 水 凝 结 成 的 ， 但 它 比 水 更 冷 。,冰 是 由 水 而 成 ， 水 寒 于 水 。,0.1806514167627492,0.6819080710411072,0.8027478456497192
但 它 比 水 更 冷 。,水 象 是 温 暖 的 ， 但 却 冷 暴 雨 。,1.3568676344828118e-231,0.2859968543052673,0.7062647342681885
木 材 直 得 合 乎 拉 直 的 墨 绳 ，,把 木 匠 穿 着 绳 子 ， 把 绳 子 围 在 中 间 ， 把 绳 子 围 在 中 间 ,1.094855181967566e-231,0.2475319504737854,0.6308342218399048
木 材 直 得 合 乎 拉 直 的 墨 绳 ， 它 的 弯 度 就 可 以 合 乎 圆 规 ，,一 面 绳 束 紧 紧 贴 在 木 桌 子 上 ， 另 一 面 绳 束 紧 贴 在 绳 带 上 ， 这 样 就 好 了 。,1.1545437674642806e-231,0.3859334290027618,0.6248863935470581
它 的 弯 度 就 可 以 合 乎 圆 规 ，,他 的 曲 色 圆 周 统 规 。,9.918892480173172e-232,0.3311234712600708,0.6944358944892883
即 使 又 晒 干 了 ，,虽 然 有 暴 走 ， 但 是 不 敢 称 其 为 权 力 。,9.109159947227212e-232,0.0803254768252372,0.6026279926300049
即 使 又 晒 干 了 ， 也 不 会 再 挺 直 ，,虽 然 有 暴 暴 ， 不 攻 击 残 暴 的 ， 不 再 攻 击 ， 这 是 因 为 拒 绝 了 残 暴 ,1.1951155126698613e-231,0.2065783441066742,0.6277073621749878
即 使 又 晒 干 了 ， 也 不 会 再 挺 直 ， 所 以 木 材 经 墨 线 量 过 就 笔 直 了 ，,虽 然 有 暴 霸 ， 不 再 承 认 ， 那 么 木 受 绳 就 直 接 接 续 ， ,1.0770384319286624e-231,0.1780814826488495,0.6355165243148804
即 使 又 晒 干 了 ， 也 不 会 再 挺 直 ， 所 以 木 材 经 墨 线 量 过 就 笔 直 了 ， 金 属 刀 具 在 磨 刀 石 上 磨 过 就 锋 利 了 。,虽 然 有 暴 暴 ， 不 再 承 受 ， 那 就 折 ��etti 着 ， 那 样 的 木 头 拴 紐 直 而 接 绳 ， 那 样 的 金 铁 就 ��,1.0590654823449021e-231,0.133068099617958,0.6341337561607361
也 不 会 再 挺 直 ，,不 再 承 受 很 大 的 压 力 ， 那 就 会 愈 愈 强 强 。 ,1.250849891192838e-231,0.2646911442279815,0.6664655208587646
也 不 会 再 挺 直 ， 所 以 木 材 经 墨 线 量 过 就 笔 直 了 ，,不 再 折 累 一 点 ， 那 么 木 受 绳 直 通 着 ， 这 说 明 归 于 本 来 的 意 思 ， 是 本 来 要 准 备 阻 挡 绳 吧 ,1.156100809123877e-231,0.23941570520401,0.6420444250106812
也 不 会 再 挺 直 ， 所 以 木 材 经 墨 线 量 过 就 笔 直 了 ， 金 属 刀 具 在 磨 刀 石 上 磨 过 就 锋 利 了 。,不 再 折 复 ， 那 的 木 制 绳 就 直 接 接 续 ， 金 铁 就 很 利 益 ， ,3.0428561631720937e-155,0.252869039773941,0.677975058555603
所 以 木 材 经 墨 线 量 过 就 笔 直 了 ，,所 以 木 受 弹 绳 直 通 ， 是 不 可 辜 的 。,3.00466076572634e-78,0.3830468654632568,0.719241738319397
所 以 木 材 经 墨 线 量 过 就 笔 直 了 ， 金 属 刀 具 在 磨 刀 石 上 磨 过 就 锋 利 了 。,所 以 木 受 绳 直 通 ， 金 就 破 坏 很 佳 ， 这 就 是 利 益 ,1.856802800684813e-78,0.358546644449234,0.672181248664856
所 以 木 材 经 墨 线 量 过 就 笔 直 了 ， 金 属 刀 具 在 磨 刀 石 上 磨 过 就 锋 利 了 。 君 子 广 泛 地 学 习 而 且 每 天 对 照 检 查 自 己 ，,所 以 木 受 绳 直 通 ， 金 石 破 坏 胶 币 ， 君 子 广 博 学 而 不 忘 悠 悠 ，,1.5832913901883002e-78,0.2012686133384704,0.67626953125
金 属 刀 具 在 磨 刀 石 上 磨 过 就 锋 利 了 。,周 文 王 对 于 祭 祀 ，,0.0,0.0645797103643417,0.5730007290840149
金 属 刀 具 在 磨 刀 石 上 磨 过 就 锋 利 了 。 君 子 广 泛 地 学 习 而 且 每 天 对 照 检 查 自 己 ，,如 果 是 金 ， 就 会 非 常 有 利 ， 君 子 应 该,1.925643667191205e-155,0.1165525391697883,0.63946932554245
金 属 刀 具 在 磨 刀 石 上 磨 过 就 锋 利 了 。 君 子 广 泛 地 学 习 而 且 每 天 对 照 检 查 自 己 ， 就 智 慧 明 达 ， 行 动 不 会 犯 错 误 了 。,现 在 是 金 裁 磨 而 优 ， 这 些 利 益 就 会 促 进 您 的 发 展 。 君 子 应 该 广 博 学 习 而 不 怠 勤 ， 每 天 读,2.232880366694656e-78,0.3617870211601257,0.6617592573165894
君 子 广 泛 地 学 习 而 且 每 天 对 照 检 查 自 己 ，,君 子 学 得 很 强 ��,1.6020551024849304e-155,0.3215229511260986,0.6567363739013672
君 子 广 泛 地 学 习 而 且 每 天 对 照 检 查 自 己 ， 就 智 慧 明 达 ， 行 动 不 会 犯 错 误 了 。,君 子 广 博 学 得 很 强 ， 晨 间 常 常 辅 佐 自 己 ， 所 以 能 够 明 白 得 到 快 乐 而 行 为 于 人 ， 是 没 有 很 多 的 。,2.4039575936375157e-78,0.3852976262569427,0.6805896759033203
就 智 慧 明 达 ， 行 动 不 会 犯 错 误 了 。,一 昧 而 行 为 于 一 面 ， 知 道 是 个 又 一 面 的 垄 亮 而 不 能 超 过 的 。,1.1409851298103348e-231,0.2394253462553024,0.602559506893158
我 曾 经 整 日 思 索 ，,我 也 卻 有 今 日 之 远 比 去 不 了 解 的 时 候 ，,1.1808001696991508e-231,0.252859354019165,0.5958994626998901
我 曾 经 整 日 思 索 ， 却 不 如 学 习 片 刻 收 获 大 ；,我 也 却 很 累 了 ， 我 也 该 怎 么 学 呢 ？ 不 如 学 了 个 臻 臻 的 人 呢 。,2.0339968208213958e-78,0.2383834719657898,0.6128899455070496
却 不 如 学 习 片 刻 收 获 大 ；,不 如 臾 的 所 有 学 为 了 学 习 。,7.401184483348608e-155,0.2325663566589355,0.6508642435073853
却 不 如 登 上 高 处 看 得 广 阔 。,不 如 登 高 的 博 见 。,3.076833869215792e-78,0.4260263442993164,0.7221655249595642
登 高 招 手 ，,高 登 而 招  calling ，,1.646211035903463e-231,0.6017926931381226,0.7129936218261719
登 高 招 手 ， 手 臂 并 没 有 加 长 ，,登 到 高 处 而 招 引 ， 胳 膊 没 有 加 长 ， 是 因 为 高 处 易 于 被 捕 ，,0.1633194828196049,0.4673365950584411,0.7723113298416138
登 高 招 手 ， 手 臂 并 没 有 加 长 ， 但 人 们 在 远 处 也 能 看 见 ；,登 到 高 处 而 招 引 ， 胳 膊 没 有 加 长 ， 见 见 的 人 远 在 哪 里 了 ；,0.1855667593010911,0.504589319229126,0.7519872188568115
登 高 招 手 ， 手 臂 并 没 有 加 长 ， 但 人 们 在 远 处 也 能 看 见 ； 顺 着 风 呼 喊 ，,登 高 而 招 引 ， 胳 膊 没 有 加 长 ， 远 远 比 见 的 人 。 顺 风 而 唤 叫 ，,0.161352420274188,0.5336500406265259,0.7681431174278259
手 臂 并 没 有 加 长 ，,您 的 胳 膊 不 是 因 为 加 重 而 长 的 ， 他 也 是 因 为 您 搜 别 人 搜 办 事 而 长 的 。 ,1.0244914152188953e-231,0.3252407312393188,0.6506703495979309
手 臂 并 没 有 加 长 ， 但 人 们 在 远 处 也 能 看 见 ；,胳 膊 不 是 因 为 加 长 ， 而 见 见 的 人 远 在 哪 里 了 ；,2.685975692546768e-78,0.4130915999412536,0.7025666832923889
手 臂 并 没 有 加 长 ， 但 人 们 在 远 处 也 能 看 见 ； 顺 着 风 呼 喊 ，,胳 膊 不 是 因 为 加 长 ， 而 是 远 远 的 人 又 见 见 ； 随 风 随 来 叫 做 ，,2.491127174727796e-78,0.490619957447052,0.7146385312080383
手 臂 并 没 有 加 长 ， 但 人 们 在 远 处 也 能 看 见 ； 顺 着 风 呼 喊 ， 声 音 并 没 有 加 大 ，,你 的 臂 毛 不 是 因 为 加 长 ， 而 是 因 为 远 远 的 人 又 远 远 远 来 ； 随 风 又 吹 声 ， 声 音 不,2.717509475545766e-78,0.3252512514591217,0.6863366365432739
但 人 们 在 远 处 也 能 看 见 ；,但 是 见 见 的 人 比 较 远 ； 。,1.4959003140449574e-231,0.4135116934776306,0.6749086976051331
但 人 们 在 远 处 也 能 看 见 ； 顺 着 风 呼 喊 ，,而 别 人 还 远 远 ； 随 风 逐 月 而 听 叫 ， ,1.2114962633177682e-231,0.3922354578971863,0.6973119378089905
但 人 们 在 远 处 也 能 看 见 ； 顺 着 风 呼 喊 ， 声 音 并 没 有 加 大 ，,而 别 人 还 远 远 ； 随 风 逐 鸟 叫 ， 声 音 不 带 痛 疾 ， 是 因 为 是 风 逐 的 ， 是 风 逐 的 ,1.8597641503400376e-78,0.3288300633430481,0.6726526021957397
但 人 们 在 远 处 也 能 看 见 ； 顺 着 风 呼 喊 ， 声 音 并 没 有 加 大 ， 但 听 的 人 会 听 得 清 楚 ；,但 是 见 见 的 人 比 起 来 还 要 远 的 。 顺 风 而 起 声 音 ， 声 音 不 会 让 人 感 受 到 疾 念 的 干,2.1103410999297785e-78,0.2082656025886535,0.6879580616950989
顺 着 风 呼 喊 ，,拥 护 风 险 车 声 而 叫 ， ,1.250849891192838e-231,0.338811844587326,0.6767029762268066
顺 着 风 呼 喊 ， 声 音 并 没 有 加 大 ，,拥 护 风 向 而 叫 ， 声 调 不 加 上 疾 念 ， ， ,5.667113443314699e-155,0.3992080688476562,0.6764823198318481
顺 着 风 呼 喊 ， 声 音 并 没 有 加 大 ， 但 听 的 人 会 听 得 清 楚 ；,拿 仗 风 险 车 叫 ， 声 调 不 迎 正 ， 听 见 的 人 就 扬 光 了 。,5.682800554945729e-155,0.2960111498832702,0.6886855363845825
声 音 并 没 有 加 大 ，,声 音 不 加 上 疾 病 ， ， 这 就 是 杀 灵 气 的 做 法 。 ,4.9054707110052255e-155,0.2130812406539917,0.6738502383232117
声 音 并 没 有 加 大 ， 但 听 的 人 会 听 得 清 楚 ；,声 音 不 加 上 疾 念 ， 听 见 的 人 就 扬 放 了 。,6.699081546331084e-155,0.3816457390785217,0.7056569457054138
但 听 的 人 会 听 得 清 楚 ；,但 是 听 说 的 人 都 扬 得 正 方 面 。,6.311514251575017e-155,0.4795805215835571,0.7199574708938599
借 助 车 马 的 人 ，,拄 舆 马 的 人 ， 是 假 借 舆 zug ； 是 假 借 舆 路 的 人 ， 是 假 借 舆 zug 的 人 ；,0.0883937432682592,0.4620864391326904,0.6860161423683167
借 助 车 马 的 人 ， 不 是 脚 走 得 快 ，,拄 舆 马 的 人 ， 不 是 为 了 利 益 ， 而 是 不 足 了 了 ， ,0.2451523534601331,0.2574508786201477,0.7157484889030457
借 助 车 马 的 人 ， 不 是 脚 走 得 快 ， 却 能 到 达 千 里 之 外 ；,假 借 舆 物 的 人 ， 不 是 为 了 远 远 处 ， 而 是 致 着 千 里 。,0.18923169946536,0.2288821041584015,0.732903242111206
借 助 车 马 的 人 ， 不 是 脚 走 得 快 ， 却 能 到 达 千 里 之 外 ； 借 助 船 只 的 人 ，,虽 然 是 假 借 舆 zug 马 ， 不 是 为 了 远 远 的 地 方 ， 而 是 只 是 距 离 千 里 ， 假 舶 舟 只 是 距 离 几 公 里,1.9516082146333176e-78,0.4060855507850647,0.6363576650619507
不 是 脚 走 得 快 ，,不 是 因 为 有 利 ，,7.711523862191631e-155,0.3243326544761657,0.7086462378501892
不 是 脚 走 得 快 ， 却 能 到 达 千 里 之 外 ；,不 是 为 了 得 到 什 么 东 西 ， 而 他 跑 了 超 过 一 千 里 ；,6.5900678916581005e-155,0.3880173563957214,0.6775701642036438
不 是 脚 走 得 快 ， 却 能 到 达 千 里 之 外 ； 借 助 船 只 的 人 ，,不 是 为 了 是 足 够 的 ， 而 是 距 离 为 千 里 ； 虚 舸 的 人 ，,2.915768782975234e-78,0.2209655940532684,0.6953170299530029
不 是 脚 走 得 快 ， 却 能 到 达 千 里 之 外 ； 借 助 船 只 的 人 ， 不 是 自 己 能 游 泳 ，,不 是 为 了 是 足 量 的 ， 而 已 穿 过 了 千 里 ； 虚 舸 舶 舵 的 人 ， 不 是 能 够 舒 缓 游 览 水 流 ， 是 因 为 他 们 不 能 利 用,0.1134644651159333,0.2962456941604614,0.7164918184280396
却 能 到 达 千 里 之 外 ；,但 是 距 千 里 不 上 一 样 ；,6.373704167435469e-155,0.5525969862937927,0.6621994376182556
却 能 到 达 千 里 之 外 ； 借 助 船 只 的 人 ，,而 他 跑 了 千 吧 。 假 舟 的 人 ， 他 也 会 跟 踪 他 。 ，,2.258627331321157e-78,0.1385023146867752,0.6166717410087585
却 能 到 达 千 里 之 外 ； 借 助 船 只 的 人 ， 不 是 自 己 能 游 泳 ，,而 他 跑 了 千 块 里 。 虽 然 是 欺 诈 笑 倒 舟 ， 不 是 因 为 能 够 利 用 水 流 ， 反 而 是 因 为 不 能 利 用 水 流 。,1.5654494731329435e-78,0.1698879152536392,0.6517728567123413
却 能 到 达 千 里 之 外 ； 借 助 船 只 的 人 ， 不 是 自 己 能 游 泳 ， 却 能 横 渡 江 河 。,但 是 距 千 里 不 同 ； 虚 舸 跟 假 舸 不 同 ， 假 舸 不 能 够 使 水 跟 舸 一 贴 一 样 流 荡 ， 而 绝 不 遗 ��,4.152586198841012e-155,0.1890438497066497,0.630757749080658
借 助 船 只 的 人 ，,拄 假 舟 辄 制 的 ， ,1.331960397810445e-231,0.1530348509550094,0.6889341473579407
借 助 船 只 的 人 ， 不 是 自 己 能 游 泳 ，,拄 舱 舶 的 是 假 假 ， 不 能 使 水 船 通 行 ， ， ,5.974540365813254e-155,0.2302420139312744,0.660607635974884
借 助 船 只 的 人 ， 不 是 自 己 能 游 泳 ， 却 能 横 渡 江 河 。,是 假 造 舱 舶 的 ， 不 是 能 够 帮 助 您 游 览 水 流 的 ， 而 是 绝 不 帮 助 您 过 币 山 河 。,2.1762470219084973e-78,0.4138559699058532,0.6952565312385559
不 是 自 己 能 游 泳 ，,不 能 拥 有 水 ，,1.0977058971259432e-231,0.2226446568965912,0.6879614591598511
不 是 自 己 能 游 泳 ， 却 能 横 渡 江 河 。,不 是 能 促 水 流 见 山 ， 而 绝 逝 水 流 。,5.859491021246916e-155,0.2843937277793884,0.7021766901016235
却 能 横 渡 江 河 。,但 是 断 断 续 续 绝  Completed 。,1.0518351895246305e-231,0.0945421755313873,0.6207109093666077
君 子 的 本 性 同 一 般 人 没 有 差 别 ，,君 子 生 活 的 方 法 就 不 异 ， 只 要 是 这 样 ， 就 可 以 快 乐 活 动 。 ,4.262352868760118e-155,0.4126343727111816,0.6559771299362183
君 子 的 本 性 同 一 般 人 没 有 差 别 ， 只 是 善 于 借 助 于 外 物 罢 了 。,君 子 生 活 并 不 异 于 人 ， 他 善 于 处 处 善 于 事 物 。,5.155325583430792e-155,0.6303151845932007,0.7143561840057373
只 是 善 于 借 助 于 外 物 罢 了 。,语 体 翻 译 结 果 为 ：是 个 善 于 误 解 的 人 。,4.987693055201041e-155,0.242821455001831,0.6376321911811829
堆 土 成 山 ，,积 存 土 土 成 就 建 山 ，,8.612150057732663e-155,0.5852257609367371,0.7435309886932373
堆 土 成 山 ， 风 雨 就 从 那 里 兴 起 ；,积 够 有 土 地 时 成 就 大 山 ， 天 然 的 风 气 和 雨 气 都 会 使 其 兴 起 ；,2.557615598369626e-78,0.7169581055641174,0.6989917755126953
堆 土 成 山 ， 风 雨 就 从 那 里 兴 起 ； 水 流 汇 成 深 渊 ，,积 够 有 土 地 时 成 就 大 山 ， 天 然 的 风 气 和 雨 水 都 会 使 之 兴 起 ； 积 有 水 池 时 就 成 全 渊  depth ，,2.1159498152049727e-78,0.6664656400680542,0.702235758304596
堆 土 成 山 ， 风 雨 就 从 那 里 兴 起 ； 水 流 汇 成 深 渊 ， 蛟 龙 就 在 那 里 生 长 ；,一 把 土 土 地 成 成 山 ， 天 然 的 风 气 和 雨 气 都 会 使 之 兴 起 ； ,2.709845586804102e-78,0.5732805728912354,0.6762230396270752
风 雨 就 从 那 里 兴 起 ；,天 然 的 风 雨 会 使 人 兴 起 来 ； ,7.825799788115097e-155,0.6435426473617554,0.7370716333389282
风 雨 就 从 那 里 兴 起 ； 水 流 汇 成 深 渊 ，,天 然 的 风 雨 会 使 人 兴 奋 ； 积 有 水 仓 的 大 人 能 成 就 渊 深 的 人 ， 但 是 不 能 使 人 感 受 到 水 的 丰 富 感 悦 。,4.117787481026391e-155,0.4559493064880371,0.6591376066207886
风 雨 就 从 那 里 兴 起 ； 水 流 汇 成 深 渊 ， 蛟 龙 就 在 那 里 生 长 ；,天 丑 风 雨 兴 奋 他 ， 积 水 成 渊 才 能 使 人 生 起 来 ， 如 果 能 够 攻 建 起 巨 人 山 ,4.7572177419913454e-155,0.4559976458549499,0.6414669752120972
风 雨 就 从 那 里 兴 起 ； 水 流 汇 成 深 渊 ， 蛟 龙 就 在 那 里 生 长 ； 积 累 善 行 ， 形 成 良 好 的 品 德 ，,天 丑 的 风 雨 唤 醒 了 人 ， 积 有 水 仓 成 渊 于 深 刻 ， 积 有 善 德 成 全 ， 是 为 了 让 人 能 够 相 ��,4.581251320106155e-155,0.403420090675354,0.6685070395469666
水 流 汇 成 深 渊 ，,积 水 成 渊 ， ,6.686701276748014e-155,0.5550088882446289,0.7957392930984497
水 流 汇 成 深 渊 ， 蛟 龙 就 在 那 里 生 长 ；,积 水 成 渊 ， 蛟 强 大 的 龙 仓 就 会 出 现 ；,3.2083466360234637e-78,0.5028745532035828,0.7395605444908142
水 流 汇 成 深 渊 ， 蛟 龙 就 在 那 里 生 长 ； 积 累 善 行 ， 形 成 良 好 的 品 德 ，,积 水 成 渊 ， 蛟 强 龙 体 弯 曲 起 来 ； 积 善 成 德 ， 秘 贡 于 天 下 ； ,2.527490480183348e-78,0.4774083495140075,0.7121623754501343
水 流 汇 成 深 渊 ， 蛟 龙 就 在 那 里 生 长 ； 积 累 善 行 ， 形 成 良 好 的 品 德 ， 就 会 得 到 最 高 的 智 慧 ，,积 水 成 渊 ， 蛟 鲁 大 鲁 族 的 龙 般 长 大 宜 。 ,8.629011351483586e-79,0.3098940551280975,0.6392458081245422
蛟 龙 就 在 那 里 生 长 ；,是 必 须 生 活 的 动 物 ，,1.0518351895246305e-231,0.2452293187379837,0.6211601495742798
蛟 龙 就 在 那 里 生 长 ； 积 累 善 行 ， 形 成 良 好 的 品 德 ，,是 因 为 蛟 龙 生 了 ， 积 善 秩 勋 诸 侯 ， 成 全 善 德 ， 是 如 此 。,6.338778446616093e-155,0.5823322534561157,0.7292422652244568
蛟 龙 就 在 那 里 生 长 ； 积 累 善 行 ， 形 成 良 好 的 品 德 ， 就 会 得 到 最 高 的 智 慧 ，,蛟 龙 就 会 出 现 ； 积 善 的 行 为 能 够 成 全 体 的 道 德 ， 而 神 明 的 明 悖 就 自 然 地 会 降 昇 ， 这 就 是 为 什 么 呀 ？,2.1788434286141393e-78,0.4715619087219238,0.7110706567764282
蛟 龙 就 在 那 里 生 长 ； 积 累 善 行 ， 形 成 良 好 的 品 德 ， 就 会 得 到 最 高 的 智 慧 ， 具 备 圣 人 的 思 想 境 界 。,现 在 是 蛟 龙 和 龙 几 倍 大 的 ， 积 善 成 德 ， 但 是 神 明 自 然 而 已 ， 圣 人 总 是 很 强 大 。,5.185604459322376e-155,0.4030665755271911,0.6563364267349243
积 累 善 行 ， 形 成 良 好 的 品 德 ，,是 因 为 积 善 能 成 全 善 德 ， ,5.742538458835147e-155,0.5459755063056946,0.7303028702735901
积 累 善 行 ， 形 成 良 好 的 品 德 ， 就 会 得 到 最 高 的 智 慧 ，,是 因 为 积 善 能 成 全 的 人 才 如 是 自 然 地 能 振 篱 出 来 ， 而 神 明 能 自 解 决 的 ， 这 就 是 为 什 么 呀 ？,1.2260683131519859e-231,0.3786152005195617,0.6142755150794983
积 累 善 行 ， 形 成 良 好 的 品 德 ， 就 会 得 到 最 高 的 智 慧 ， 具 备 圣 人 的 思 想 境 界 。,语 体 翻 译结果：养 尊 崇 善 的 人 能 成 全 其 规 律 ， 而 得 到 神 性 的 明 亮 ， 那 就 会 考 究 准 备 事 情 的 心 思 。,5.701067712424818e-155,0.5042369365692139,0.6717987060546875
就 会 得 到 最 高 的 智 慧 ，,但 是 是 自 然 觉 得 明 亮 ， 意 思 就 会 自 然 去 觉 得 明 亮 。,4.550160538169341e-155,0.3403030633926391,0.6564063429832458
就 会 得 到 最 高 的 智 慧 ， 具 备 圣 人 的 思 想 境 界 。,但 是 得 到 神 明 的 时 候 ， 圣 人 的 心 总 是 备 忘 录 。,3.0613502729846216e-78,0.3751214146614074,0.65812748670578
具 备 圣 人 的 思 想 境 界 。,语 言 上 说 圣 气 很 备 充 。,1.3483065280626046e-231,0.5253005623817444,0.633853554725647
所 以 ， 不 积 累 每 一 小 步 ，,所 以 不 积 累 跑 步 ， 是 因 为 步 踏 权 是 很 少 的 ， 所 以 不 能 积 累 跑 步 。,2.4532952420632446e-78,0.4969953894615173,0.7126510143280029
所 以 ， 不 积 累 每 一 小 步 ， 就 不 能 远 达 千 里 ；,所 以 不 积 累 跑 步 ， 没 有 跟 随 你 跑 快 的 人 ， 也 就 不 能 跑 到 千 里 。,3.8974869943192256e-78,0.6493552327156067,0.7785589098930359
所 以 ， 不 积 累 每 一 小 步 ， 就 不 能 远 达 千 里 ； 不 汇 集 细 流 ，,所 以 不 积 跑 多 跖 ， 不 能 跃 到 千 里 之 上 ； 不 积 小 水 岸 ， 不 能 跳 过 很 深 的 水 壊 。,7.776423192265478e-155,0.4570474624633789,0.7231407165527344
所 以 ， 不 积 累 每 一 小 步 ， 就 不 能 远 达 千 里 ； 不 汇 集 细 流 ， 就 不 能 形 成 江 海 。,因 此 不 积 跋 气 歉 气 ， 不 能 超 过 一 千 里 的 跑 践 。 不 能 积 有 小 水 潭 ， 不 能 成 就 大 河 大 海 的 力 量 。,7.206855220495483e-155,0.4456459283828735,0.7250152826309204
就 不 能 远 达 千 里 ；,没 有 跟 随 步 迁 千 里 的 人 ；,6.061838450024688e-155,0.4866862893104553,0.6992803812026978
就 不 能 远 达 千 里 ； 不 汇 集 细 流 ，,没 有 追 逐 到 千 里 ； 不 累 起 小 水 岸 ，,0.1739579737564223,0.3652190566062927,0.7127306461334229
就 不 能 远 达 千 里 ； 不 汇 集 细 流 ， 就 不 能 形 成 江 海 。,没 有 辨 别 的 优 势 来 超 过 千 里 的 距 离 ； 不 能 积 有 小 水 岸 ， 不 能 成 就 江 海 大 成 就 。,7.455014825922596e-155,0.553552508354187,0.7306938767433167
不 汇 集 细 流 ，,不 积 累 小 流 水 ，,1.4740564900137078e-231,0.4997513890266418,0.7809503078460693
不 汇 集 细 流 ， 就 不 能 形 成 江 海 。,不 积 太 小 一 点 东 西 ， 不 会 能 使 成 就 大 成 就 。,1.4193661161895208e-231,0.3480181396007538,0.6698225140571594
就 不 能 形 成 江 海 。,参考翻译结果a: 不 拿 来 成 就 大 国 大 国 海 峡 。,1.4347128449946335e-231,0.2589108049869537,0.6403968334197998
骏 马 跳 跃 一 次 ，,古 之 马 一 跃 ，,1.3934875572055278e-231,0.3660405576229095,0.7039086818695068
骏 马 跳 跃 一 次 ， 不 能 有 十 步 远 ；,马 革 一 跃 ， 不 能 超 过 一 步 ；,3.4303640084780647e-78,0.4604191184043884,0.7929670810699463
骏 马 跳 跃 一 次 ， 不 能 有 十 步 远 ； 劣 马 拉 车 走 十 天 ，,拿 一 只 骏 马 一 跃 ， 还 不 能 跑 一 圈 ； 拿 一 辆 骑 马 ， 还 不 能 够 跑 一 圈 ；,5.909363526536785e-155,0.5248578190803528,0.7214493155479431
骏 马 跳 跃 一 次 ， 不 能 有 十 步 远 ； 劣 马 拉 车 走 十 天 ， 它 的 成 功 在 于 不 停 止 。,现 在 的 马 虎 一 起 跑 快 ， 还 是 不 能 超 过 一 个 步 步 。,3.3801263506663628e-155,0.3131242394447326,0.6444233059883118
不 能 有 十 步 远 ；,,0.0,-0.0170672535896301,0.529508650302887
不 能 有 十 步 远 ； 劣 马 拉 车 走 十 天 ，,不 能 跑 一 个 公 园 的 十 步 ； 驁 马 一 辆 车 ，,7.346153272462044e-155,0.2566540837287903,0.7577213644981384
不 能 有 十 步 远 ； 劣 马 拉 车 走 十 天 ， 它 的 成 功 在 于 不 停 止 。,不 能 跑 得 到 西 城 ；,8.57096553184043e-156,0.1273270845413208,0.6138598322868347
劣 马 拉 车 走 十 天 ，,甲 乙 善 马 三 驾 ，,1.1546470322043349e-231,0.2133601903915405,0.6389601826667786
劣 马 拉 车 走 十 天 ， 它 的 成 功 在 于 不 停 止 。,甲 乙 宋 辅 宠 驱 骋 一 万 骑 ， 功 彰 而 不 舍 弃 。,1.250849891192838e-231,0.2065392732620239,0.6287948489189148
它 的 成 功 在 于 不 停 止 。,参考翻译结果a: 不 把 功 绩 舍 弃 。,1.1103055738259993e-231,0.4531466960906982,0.6070694327354431
腐 朽 的 木 头 也 不 能 刻 断 ；,旧 树 不 会 被 折 ��DS 吗 ？,8.422437779564611e-232,0.3262583613395691,0.673145055770874
腐 朽 的 木 头 也 不 能 刻 断 ； 金 石 也 能 雕 刻 成 功 。,语 言 中 的 末 果 不 会 损 坏 ； 语 言 中 的 硬 质 物 可 以 融 化 。,1.1764984582435574e-231,0.3223929405212402,0.6792168021202087
金 石 也 能 雕 刻 成 功 。,语 言 上 说 ：金 石 可 以 变 得 美 好 。,1.1409851298103348e-231,0.5000531673431396,0.6964669823646545
蚯 蚓 没 有 锋 利 的 爪 牙 ，,蚓 没 有 爪 子 和 牙 齿 的 优 势 ， ,3.919445536306192e-78,0.5956966876983643,0.7891037464141846
蚯 蚓 没 有 锋 利 的 爪 牙 ， 坚 强 的 筋 骨 ，,蚓 没 有 爪 子 和 牙 齿 的 利 益 ， 肌 肉 和 骨 架 变 得 强 强 ， 。,2.6052495236717397e-78,0.6114603877067566,0.7408838272094727
蚯 蚓 没 有 锋 利 的 爪 牙 ， 坚 强 的 筋 骨 ， 却 能 上 吃 泥 土 ，,蚓 没 有 爪 子 和 牙 齿 的 利 益 ， 肌 肉 和 骨 架 变 强 ， 上 下 都 要 吃 土 类 食 物 ， 这 是 为 了 减 少 糖 水 的 消 ��,1.8266127664388893e-78,0.4405249357223511,0.6982339024543762
蚯 蚓 没 有 锋 利 的 爪 牙 ， 坚 强 的 筋 骨 ， 却 能 上 吃 泥 土 ， 下 饮 泉 水 ，,蚓 没 有 爪 子 和 牙 齿 的 利 益 ， 肌 肉 和 骨 架 变 强 ， 上 着 土 霉 肆 的 衣 服 ， 下 面 喝 黄,2.389956598150066e-78,0.4243007898330688,0.7173348665237427
坚 强 的 筋 骨 ，,肌 肉 和 骨 架 的 强 弱 ， 是 个 小 东 西 ， 但 是 能 够 使 人 体 变 强 强 。 ,1.1409851298103348e-231,0.3544459342956543,0.6321108341217041
坚 强 的 筋 骨 ， 却 能 上 吃 泥 土 ，,人 的 肌 汤 和 骨 架 很 强 ��,9.988500430528837e-232,0.2022585868835449,0.6214706301689148
坚 强 的 筋 骨 ， 却 能 上 吃 泥 土 ， 下 饮 泉 水 ，,人 的 肌 汤 和 骨 架 都,3.690840039559348e-232,0.2139444053173065,0.5974696278572083
坚 强 的 筋 骨 ， 却 能 上 吃 泥 土 ， 下 饮 泉 水 ， 是 因 为 它 心 专 一 ；,结 果 是 筋 弱 强 ， 上 吃 饥 饣 ， 下 吃 粮 食 ， 喝 酿 油 莲 ， 是 心 思 一 样 。,6.8182080922926815e-155,0.4255824089050293,0.7047057151794434
却 能 上 吃 泥 土 ，,晏 子 上 餐 时 吃 土 类 食 物 ， 是 上 级 的 ， 是 上 级 的 ,1.2183324802375696e-231,0.2677177190780639,0.6334622502326965
却 能 上 吃 泥 土 ， 下 饮 泉 水 ，,上 厢 养 猪 干 啃 干 作 为 食 物 ， 下 厢 养 禾 作 为 食 物 ， 又 是 易 如 水 的 事 ， 又 是 逃 避 危 害 的 事 ,3.6922292679052643e-155,0.3520921170711517,0.6332996487617493
却 能 上 吃 泥 土 ， 下 饮 泉 水 ， 是 因 为 它 心 专 一 ；,一 面 面 料 食 上 埃 土 ， 另 一 面 喝 下 黄 泉 水 ， 是 个 心 思 诱 取 的 办 法 。,0.1129571454395392,0.4579867124557495,0.6724371314048767
下 饮 泉 水 ，,后 来 饮 饮 饮 下 黄 泉 ， 甚 至 沟 壑 里 藏 着 珍 禽 异 兽 的 灵 沼 ， 甚 至 是 珍 禽 异 兽 养 起 来 的 灵 沼 ,1.0446550074992694e-231,0.3188980221748352,0.6311852335929871
下 饮 泉 水 ， 是 因 为 它 心 专 一 ；,下 饮 黄 泉 ， 就 是 用 心 做 到 吧 。,6.60585259847259e-155,0.4157657623291015,0.7003887295722961
是 因 为 它 心 专 一 ；,用 心 一 半 。,7.951455490316088e-232,0.3963513076305389,0.6238519549369812
是 因 为 它 心 浮 躁 的 缘 故 。,用 心 受 constraint 而 表 现 出 躁 气 。,1.3165594234639305e-231,0.4298698306083679,0.6142210960388184
我 听 说 ： 想 要 树 木 生 长 ，,鲁 君 听 说 过 诸 侯 们 都 要 求 求 求 那 些 长 辈 人 的 功 绩,4.65988169467104e-155,0.2231586575508117,0.618897557258606
我 听 说 ： 想 要 树 木 生 长 ， 一 定 要 稳 固 它 的 根 ；,我 为 诸 侯 ， 听 说 求 长 于 其 中 的 人 ， 必 然 营 造 出 深 厚 的 根 基 ；,5.908454183811211e-155,0.4856948256492615,0.678564190864563
我 听 说 ： 想 要 树 木 生 长 ， 一 定 要 稳 固 它 的 根 ； 想 要 泉 水 流 得 远 ，,宋 臣 听 到 求 求 而 不 得 决 ， 必 然 会 根 本 相 比 继 继 不 动 您 的 树 却 要 很 高 高 兴 兴 的 树 却 比 您 的 要 ��,1.2183324802375696e-231,0.1380176842212677,0.5882553458213806
我 听 说 ： 想 要 树 木 生 长 ， 一 定 要 稳 固 它 的 根 ； 想 要 泉 水 流 得 远 ， 一 定 要 疏 通 它 的 源 泉 ；,孟 子 听 到 求 长 的 人 说 ， 必 定 要 修 养 自 己 的 根 基 ； 想 善 于 长 远 的 人 ， 必 ��orus 养 洁 自 己 的,5.9185900537621456e-155,0.3248983323574066,0.6826253533363342
一 定 要 稳 固 它 的 根 ；,必 然 要 确 保 其 根 基 ；,1.384292958842266e-231,0.7608519196510315,0.7827610373497009
一 定 要 稳 固 它 的 根 ； 想 要 泉 水 流 得 远 ，,就 必 然 要 修 养 其 本 性 ； 想 象 自 己 要 流 风 孰 好 ， 那 就 比 善 言 诗 言 豪 了 。,4.298631483271809e-155,0.3937942385673523,0.6590292453765869
一 定 要 稳 固 它 的 根 ； 想 要 泉 水 流 得 远 ， 一 定 要 疏 通 它 的 源 泉 ；,一 定 要 修 养 其 本 性 ； 想 象 自 己 是 流 走 远 方 的 ， 一 定 要 浇 洁 洁 清 洁 的 泉 水 ；,0.1404678994830558,0.4113844633102417,0.7606538534164429
一 定 要 稳 固 它 的 根 ； 想 要 泉 水 流 得 远 ， 一 定 要 疏 通 它 的 源 泉 ； 想 要 国 家 安 定 ，,一 定 要 修 养 其 本 性 ； 想 象 自 己 要 流 风 孰 好 ， 一 定 要 浇 洁 清 洁 各 个 水 源 ； 想 觉 得 国 家 能 否 流 风,0.1184659269438201,0.3484748005867004,0.7310652136802673
想 要 泉 水 流 得 远 ，,想 象 流 水 远 远 的 ， 那 倒 是 要 远 逃 一 个 。 ,1.404215963202711e-231,0.2212257534265518,0.6741204261779785
想 要 泉 水 流 得 远 ， 一 定 要 疏 通 它 的 源 泉 ；,想 象 流 水 远 远 的 时 候 ， 必 然 会 浇 洁 洁 的 泉 水 ；,5.681968389717772e-155,0.5634517073631287,0.7170968055725098
想 要 泉 水 流 得 远 ， 一 定 要 疏 通 它 的 源 泉 ； 想 要 国 家 安 定 ，,想 象 自 己 要 流 水 远 开 的 时 候 ， 必 ��orus 浚 洁 洁 清 泉 ； 想 觉 得 国 家 安 定 的 时 候 ， 必 ��orus 洁 净 洁 净 国 家 ； ,0.0996849963968135,0.4581912755966186,0.7057623267173767
想 要 泉 水 流 得 远 ， 一 定 要 疏 通 它 的 源 泉 ； 想 要 国 家 安 定 ， 一 定 要 厚 积 道 德 仁 义 。,wanted to die  far  away ， 必 然 会 浇 洁 他 的 泉 水 ； 想 规 划 国 家 的 安 定 ， 必 须 积 底 体 内 的 诚 信 和 行 为 方 式 。,2.2224776296389083e-78,0.2814617455005646,0.7232773900032043
一 定 要 疏 通 它 的 源 泉 ；,必 然 会 沼 澡 其 源 头 ；,1.1193096620723279e-231,0.3178984522819519,0.7063226103782654
一 定 要 疏 通 它 的 源 泉 ； 想 要 国 家 安 定 ，,必 然 会 沼 澡 其 泉 源 ； 虽 然 考 虑 了 很 多 的 国 家 的 安 定 ， 但 是 还 不 如 孟 子 所 说 的 那 样 安 定 。,1.9056558226245973e-78,0.3574548959732055,0.6681413650512695
一 定 要 疏 通 它 的 源 泉 ； 想 要 国 家 安 定 ， 一 定 要 厚 积 道 德 仁 义 。,一 定 会 沉 ��e 莫 缓 其 泉 源 ； 虽 有 思 虚 于 国 家 的 安 定 ， 一 定 要 积 庶 体 贵 的 人 的 行 为 方 式 。,0.1706424275057886,0.4674158096313476,0.7271116375923157
想 要 国 家 安 定 ，,考 虑 是 否 能 使 国 家 安 定 ， 那 么 他 就 会 考 虑 各 个 地 方 的 安 定 情 况 ； ,0.1250076305588977,0.4097180366516113,0.7003995776176453
想 要 国 家 安 定 ， 一 定 要 厚 积 道 德 仁 义 。,思 虑 对 护 国 的 安 定 ， 一 定 要 积 洽 他 们 的 仁 义 。,0.3156961170682442,0.6624714732170105,0.7908366322517395
一 定 要 厚 积 道 德 仁 义 。,一 定 要 积 底 层 的 人 才 能 够 推 行 。,3.1770419500663857e-78,0.4557008743286133,0.6800290942192078
源 泉 不 深 却 希 望 泉 水 流 得 远 ，,来 源 不 深 而 能 望 见 流 水 流 ， 是 因 为 是 来 自 天 也 。,6.373704167435469e-155,0.364246129989624,0.7141660451889038
源 泉 不 深 却 希 望 泉 水 流 得 远 ， 根 系 不 稳 固 却 想 要 树 木 生 长 ，,来 源 不 深 而 能 望 见 流 水 远  mountains ， 根 本 不 固 定 而 求 求 而 不 得 ， 这 就 是 人 生 的 根 基 。,5.92875507358065e-155,0.4661210775375366,0.681638240814209
源 泉 不 深 却 希 望 泉 水 流 得 远 ， 根 系 不 稳 固 却 想 要 树 木 生 长 ， 道 德 不 厚 实 却 想 要 国 家 安 定 ，,来 源 不 深 而 看 见 山 水 之 长 ， 根 本 不 固 定 而 求 求 而 不 得 ， 国 家 的 治 理 方 法 不 厚 而 许 自 问 ， 这 就 是 为 什,6.947803236777588e-155,0.4564419388771057,0.6806874871253967
源 泉 不 深 却 希 望 泉 水 流 得 远 ， 根 系 不 稳 固 却 想 要 树 木 生 长 ， 道 德 不 厚 实 却 想 要 国 家 安 定 ， 我 虽 然 最 愚 昧 无 知 ，,来 源 不 深 而 能 望 见 流 岸 远 处 ， 根 本 不 固 征 而 求 求 而 不 得 了 ， 没 有 深 厚 的 人 才 才 能,4.029634018367545e-155,0.2715985774993896,0.643057644367218
根 系 不 稳 固 却 想 要 树 木 生 长 ，,是 根 本 不 固 定 而 求 求 而 不 得 长 ， 是 因 为 不 承 认 自 身 本 能 的 而 不 能 够 受 够 长 。 ,3.912899894057541e-155,0.4109227061271667,0.6256413459777832
根 系 不 稳 固 却 想 要 树 木 生 长 ， 道 德 不 厚 实 却 想 要 国 家 安 定 ，,根 本 不 固 征 而 求 求 而 不 得 ； 国 家 的 人 民 不 固 征 而 考 虑 ， 而 不 是 权 衡 利 弗 焉 ； 是 为 了 缩 短 天 然 的 征 税 ，,3.803771581523221e-155,0.3552878201007843,0.6168652772903442
根 系 不 稳 固 却 想 要 树 木 生 长 ， 道 德 不 厚 实 却 想 要 国 家 安 定 ， 我 虽 然 最 愚 昧 无 知 ，,root 深 入 而 求 木 叶 长 ， 仁 义 不 深 而 考 虑 国 家 的 治 理 ， 虽 然 下 游 有 很 多 僻 稀 的 小 偷 ， 但 是 不 会 被 ��,5.618103537463914e-155,0.2305283546447754,0.6740552186965942
根 系 不 稳 固 却 想 要 树 木 生 长 ， 道 德 不 厚 实 却 想 要 国 家 安 定 ， 我 虽 然 最 愚 昧 无 知 ， 知 道 这 是 不 可 能 的 ，,root 深 入 而 求 木 叶 长 ， 仁 义 高 深 而 虚 而 考 虑 国 家 的 政 治 ， 虽 然 下 游 有 很 多 贼 奴 ， 知 彼,5.163365441390813e-155,0.2852799892425537,0.6643999218940735
道 德 不 厚 实 却 想 要 国 家 安 定 ，,国 家 的 政 权 不 太 厚 而 考,5.073857216936111e-155,0.2663317918777466,0.6674957275390625
道 德 不 厚 实 却 想 要 国 家 安 定 ， 我 虽 然 最 愚 昧 无 知 ，,国 家 的 政 权 不 厚 而 虚 妄 地 考 虑 ， 虽 然 处 在 下 权 力 不 均 的 地 方 ， 。,6.2964328672220525e-155,0.288675993680954,0.6697741746902466
道 德 不 厚 实 却 想 要 国 家 安 定 ， 我 虽 然 最 愚 昧 无 知 ， 知 道 这 是 不 可 能 的 ，,国 家 的 政 治 行 为 不 厚 而 考 虑 于 国 家 的 政 治 ， 虽 然 下 代 愚 昧 的 人 ， 知 归 服 乱 ，,7.429927488180797e-155,0.23722505569458,0.6810806393623352
道 德 不 厚 实 却 想 要 国 家 安 定 ， 我 虽 然 最 愚 昧 无 知 ， 知 道 这 是 不 可 能 的 ， 何 况 明 智 的 人 呢 ！,现 在 的 国 家 不 是 因 为 德 能 力 强 弱 而 考 虑 ， 虽 然 下 代 的 人 却 是 很 脍 炙 于 那 些 是 不 可 理 解,2.3173038277434625e-78,0.2964965105056762,0.6252025365829468
我 虽 然 最 愚 昧 无 知 ，,虽 然 在 下 面 的 人 也 是 很 吃 营  thinking 的 ， 但 是 他 还 是 �,4.336508547901975e-155,0.1427992880344391,0.615543007850647
我 虽 然 最 愚 昧 无 知 ， 知 道 这 是 不 可 能 的 ，,虽 然 在 下 面 有 杀 人 的 小 愚 昧 ， 知 道 他 不 可 以 ， 但 是 不 愿 意 抓 他 。,3.00466076572634e-78,0.2622469067573547,0.7151175141334534
我 虽 然 最 愚 昧 无 知 ， 知 道 这 是 不 可 能 的 ， 何 况 明 智 的 人 呢 ！,虽 然 下 来 来 到 下 游 地 区 的 小 游 览 ， 知 道 他 们 不 能 理 解 ， 但 是 在 那 些 明 哲 人 的 见 际 上 ， 他 们 还 是 能 理 解 得 到 很,1.7281650139551376e-78,0.2803808152675628,0.6378623247146606
知 道 这 是 不 可 能 的 ，,知 道 这 不 可 行 动 ， 不 行 动 。,4.173599304354612e-78,0.3959861993789673,0.7616704106330872
知 道 这 是 不 可 能 的 ， 何 况 明 智 的 人 呢 ！,能 理 解 的 人 也 不 可 读 ， 而 是 仍 在 明 圣 人 的 见 闻 中 。,6.627196503686015e-155,0.34095299243927,0.6450769901275635
何 况 明 智 的 人 呢 ！,但 是 在 明 圣 人 那 样 高 大 的 哲 学 思 考 。,1.1988328686372913e-231,0.3920143246650696,0.6130167841911316
国 君 掌 握 着 国 家 的 重 要 职 权 ，,人 民 护 着 那 些 重 要 的 国 家 文 物 ， 这 是 为 了 让 人 民 看 见 国 家 的 宝 贵 文 物 ， 这 就 象 是 让 人 民 看 见 天 神 的 宝 贵 文 物 了 。,1.4825355781803726e-78,0.5970946550369263,0.6617977023124695
国 君 掌 握 着 国 家 的 重 要 职 权 ， 据 有 天 地 间 重 大 的 地 位 ，,人 民 护 着 那 些 重 要 的 国 家 文 物 ， 但 是 居 住 地 方 的 人 才 有 限 ， 所 以 要 求 它 们 在 人 民 的 生 活 区 域 中 承 担 重 要 的 作 用 ， 这 就 称 之 为 重,4.472351341857583e-155,0.3728585839271545,0.6667022109031677
国 君 掌 握 着 国 家 的 重 要 职 权 ， 据 有 天 地 间 重 大 的 地 位 ， 处 于 天 地 间 至 尊 的 地 位 ， 应 推 崇 追 求 最 高 峻 的 皇 权 ，,人 民 护 着 那 些 重 要 的 政 权 权 贵 的 器 器 ， 在 自 己 的 社 会 区 域 中 统 一 天 下 ， 拥 有 极 端 崇 惡 天 的 崇,3.921139981608525e-155,0.2561186552047729,0.660830557346344
据 有 天 地 间 重 大 的 地 位 ，,在 人 民 的 圈 团 中 统 一 天 下 ， 这 是 最 大 的 ， 但 是 又 不 能 够 使 人 民 得 到 最 佳 行 为 方 式 。 ,3.540744402525828e-155,0.1652527004480362,0.5785220861434937
