content,modern_translation
王 立 于 沼 上 ，,"'王 子 站 在 池 塘 上 ，'
    正确翻译：'王 子 站 在 池 塘 边 上 ，'
    正确翻译：'王 子 站 在 池 塘 边 上 ，'
    正确翻译：'王 子 站 在 池 塘 边 上 ，'
    正确����"
王 立 于 沼 上 ， 顾 鸿 雁 麋 鹿 ，,"'周 武 王 站 在 池 塘 上 ， 看 见 顺 鸿 雁 麋 鹿 ，'
    正确翻译：'周 武 王 站 在 池 塘 边 ， 看 见 顺 鸿 雁 ��"
王 立 于 沼 上 ， 顾 鸿 雁 麋 鹿 ， 曰 ：,"'周 武 王 站 在 池 塘 上 ， 看 见 鸿 雁 麋 鹿 ， 说 ：'
    正确翻译：'周 武 王 站 在 池 塘 边 ， 看 见 鸿 雁"
顾 鸿 雁 麋 鹿 ，,"'顾 盼 鸿 雁 麋 鹿 ，'
    正确翻译：
    正确翻译：'您 看 见 鸿 雁 、 麋 鹿 、 鹿 鼠 、 鹿 鼠 鹿 、 鹿 鼠 鹿"
顾 鸿 雁 麋 鹿 ， 曰 ：,"'顾 问 鸿 雁 麋 鹿 ， 说 ：'
    正确翻译：'凭 仗 着 鸿 雁 麋 鹿 ， 说 ：'

    正确翻译是什么原因？
    正确翻译是什么"
顾 鸿 雁 麋 鹿 ， 曰 ： 贤 者 亦 乐 此 乎 ？,"'顾 盾 鸿 雁 麋 鹿 ， 说 ： 贤 人 也 会 受 此 类 的 乐 的 声 音 吧 ？'
    正确翻译的说明：
    正确����"
曰 ：,"'孟 子 说 ：'
    正确翻译：'孟 子 说 ：'

    正确翻译是因为：
    正确翻译：'孟 子 说 ：'
    原文：'曰 ：'
    正确翻译：'孟 子 说 ：'
    正确翻译理由：'曰 ：' 这 个 ��"
曰 ： 贤 者 亦 乐 此 乎 ？,"'孟 子 说 ： 贤 人 也 会 感 兴 趣 吗 ？'
    正确翻译理由：
    正确翻译理由：'孟 子 在 文 言 文 言 上 表 面 说 ：'贤 人 也 会 喜 悦 吗 ？"
贤 者 亦 乐 此 乎 ？,"'贤 人 也 会 感 兴 悦 吗 ？'
    正确翻译说明：
    正确翻译是：'贤 人 也 会 感 兴 悦 吗 ？'
    正确翻译解释：
    正确翻译表达了文言 文 中 句"
孟 子 对 曰 ：,"'孟 子 回 答 说 ：'
    正确翻译：'孟 子 回 答 说 ：'

    正确翻译是什 么好 的？
    正确翻译是 什 么 好 的
    正确翻译是 什 么 好 的
    正确翻译是 什"
孟 子 对 曰 ： 贤 者 而 后 乐 此 ，,"'孟 子 回 答 道 ： 贤 人 才 能 够 愿 意 宁 可 以 享 受 这 事 物 ，'

    正确翻译是：
    正确翻译：'孟 子 回 答 说 ： 贤 人"
孟 子 对 曰 ： 贤 者 而 后 乐 此 ， 不 贤 者 虽 有 此 ，,'孟 子 回 答 道 ： 贤 人 才 能 够 愿 意 宁 可 以 这 样 快 乐 的 ， 不 贤 人 却 有 这 样 快 乐 的 ，'
贤 者 而 后 乐 此 ，,"'贤 人 就 喜 悦 于 这 ，'
    正确翻译：'贤 人 就 喜 悦 于 这 种 情 况 ，'
    正确翻译：'贤 人 就 喜 悦 于 这 种 情 况 ，'
    正确翻译：'贤 人 就"
贤 者 而 后 乐 此 ， 不 贤 者 虽 有 此 ，,"'贤 人 就 喜 悦 于 这 种 事 ， 不 贤 人 却 有 这 种 事 ，'

    正确翻译是：
    正确翻译：'贤 人 就 喜 悦 于 这 种 事 ， 不 贤 人"
贤 者 而 后 乐 此 ， 不 贤 者 虽 有 此 ， 不 乐 也 。,"'贤 人 就 喜 悦 于 这 种 事 ， 不 贤 人 却 有 这 种 事 ， 不 喜 悦 。'
    正确翻译的原因：
    原文句子描述了'贤 人 的'"
不 贤 者 虽 有 此 ，,"'不 贤 的 人 也 可 以 做 这 种 事 的 ，'
    正确翻译：
    正确翻译：'不 贤 的 人 也 可 以 做 这 种 事 的 ，'
    正确翻译：'不 贤 的 人 也 可 以 做 这 种"
不 贤 者 虽 有 此 ， 不 乐 也 。,"'不 贤 能 够 做 这 种 事 的 人 ， 不 会 快 乐 的 。'
    正确翻译：'只 有 不 贤 能 够 这 种 事 做 的 人 ， 不 会 感 快 乐 的 。'

    正确�"
不 乐 也 。,"'不 能 够 快 乐 的 。'
    正确翻译：'不 能 够 愉 趋 向 的 。'
    正确翻译：'不 能 够 快 乐 的 。'
    正确翻译：'不 能 够 快 乐 的 。'
    正确翻译：'不 能"
诗 云 ：,"'《 诗 经 》 说 ：'

    正确翻译：
    正确翻译：'《 诗 经 》 表 示 ：'
    正确翻译：'《 诗 经 》 表 明 ：'
    正确翻译：'《 诗 经 》 表 明 ：'
    正确翻译：'《 诗"
诗 云 ： 经 始 灵 台 ，,"'《 诗 经 》 说 ： 开 始 灵 台 ，'

    正确翻译是：
    正确翻译：'《 诗 经 》 说 ： 开 始 灵 台 ，'
    正确翻译是：'《 诗 经 》 表 示 ： 开 始 灵 台"
诗 云 ： 经 始 灵 台 ， 经 之 营 之 ，,'《 诗 经 》 表 示 ： 经
经 始 灵 台 ，,"'从 开 始 规 划 灵 台 ，'
    正确翻译：'从 开 始 规 划 ，'
    正确翻译：'从 开 始 规 划 ，'
    正确翻译：'从 开 始 规 划 ，'
    正确翻译：'从 开 始"
经 始 灵 台 ， 经 之 营 之 ，,"'从 开 始 崇 祯 ， 从 那 开 始 建 立 ，'
    正确翻译：'从 开 始 崇 祯 ， 从 那 开 始 建 立 ，'
    正确翻译：'从 开 始 崇 祯 ， 从 那 开 始 建 立"
经 始 灵 台 ， 经 之 营 之 ， 庶 民 攻 之 ，,"'灵 台 是 经 始 的 ， 经 受 丧 亲 爱 的 ， 庶 民 一 面 猛 攻 他 ，'
    正确翻译说明：
    正确翻译：'灵 台 是 一 个 经"
经 之 营 之 ，,"'准 备 行 兵 ，'
    正确翻译：'准 备 进 行 战 争 ，'
    正确翻译：'准 备 进 行 战 争 ，'
    正确翻译：'准 备 进 行 战 争 ，'
    正确����"
经 之 营 之 ， 庶 民 攻 之 ，,"'准 备 战 争 ， 百 姓 一 起 攻 击 他 ，'
    正确翻译：'准 备 进 行 战 争 ， 百 姓 一 起 攻 击 ，'
    正确翻译：'准 备"
经 之 营 之 ， 庶 民 攻 之 ， 不 日 成 之 。,"'准 备 好 营 充 沛 的 ， 百 姓 一 日 都 会 攻 击 它 ， 不 会 有 日 能 营 造 成 如 此 。'

    正确翻译的原因：
    文言文句子"
庶 民 攻 之 ，,"'庶 民 一 起 攻 击 他 ，'
    正确翻译：'大 众 的 人 民 一 起 攻 击 ，'
    正确翻译：'大 众 的 人 民 一 起 攻 击 ，'
    正确翻译：'大 众 的 人 民 一 起 ��"
庶 民 攻 之 ， 不 日 成 之 。,"'百 姓 一 起 攻 击 它 ， 不 怎 么 势 力 劲 势 势 力 。'
</syntaxhighlight>

== 文言文 ==
=== 文言文句子 ===
{{{Tone|section|date=May 2019}}}

文言文句子：

    文言文句"
不 日 成 之 。,"'不 如 日 出 来 ，'
    正确翻译：
    正确翻译：'不 如 日 出 来 ，'
    正确翻译：'不 如 日 出 来 ，'
    正确翻译：'不 如 日 出 来 ，'
    正确翻译：'不 如 日 出 来 ，'
    正确翻"
经 始 勿 亟 ，,"'从 开 始 别 丧 惜 ，'
    正确翻译：'从 开 始 就 勿 拿 丧 惜 ，'
    正确翻译说明：
    正确翻译句子所表达的意思是：'从 开 始 就 勿 拿 丧 惜 ，'"
经 始 勿 亟 ， 庶 民 子 来 。,"'开 始 之 前 不 亲 近 ， 百 姓 的 子 弟 都 来 优 规 准 备 。'
</syntaxhighlight>

== 文言文 ==
=== 文言文句子 ===
{{{Tone|section|date=May 2019}}}

文言文句子：

    文言"
庶 民 子 来 。,"'百 姓 的 子 弟 都 来 侍 候 。'
    正确翻译：'百 姓 的 所 有 儿 子 都 来 侍 候 。'
    正确翻译：'百 姓 的 所 有 儿 子 都 来 侍 候 。'
    正确翻译：'百"
王 在 灵 囿 ，,"'王 国 在 灵 园 里 ，'
    正确翻译：'王 国 在 灵 园 中 ，'
    正确翻译：'王 国 在 灵 园 里 ，'
    正确翻译：'王 国 在 灵 园 中 ，'
    正确翻译：'王"
王 在 灵 囿 ， 麀 鹿 攸 伏 ，,"'国 王 在 灵 园 里 ， 麂 鹿 挟 住 ，'
    正确翻译：'国 王 在 灵 园 中 ， 麂 鹿 挟 住 他 ，'
    正确翻译：'国 王 在"
王 在 灵 囿 ， 麀 鹿 攸 伏 ， 麀 鹿 濯 濯 ，,"'王 国 在 灵 园 里 ， 麀 鹿 挟 住 ， 麀 鹿 濯 濯 ，'
    正确翻译意思：'王 国 在 灵 园 中 ，"
麀 鹿 攸 伏 ，,"'麀 鹿 总 伏 在 一 个 小 山 丘 ，'
    正确翻译：'麂 麂 鹿 总 伏 在 一 个 小 山 丘 ，'
    正确翻译：'麂 麂 鹿 总 伏 在 一 个"
麀 鹿 攸 伏 ， 麀 鹿 濯 濯 ，,"'麀 鹿 挟 住 ， 麀 鹿 挟 住 ，'
    正确翻译：'麂 鹿 挟 住 ， 麂 鹿 挟 住 ，'

    正确翻译是：
    正"
麀 鹿 攸 伏 ， 麀 鹿 濯 濯 ， 白 鸟 鹤 鹤 。,"'麀 鹿 挟 住 ， 麀 鹿 挟 住 ， 白 鸟 鹤 鹤 。'
    正确翻译：'麀 鹿 挟 住 ， ��"
麀 鹿 濯 濯 ，,"'麀 鹿 洗 洗 洗 ，'
    正确翻译：'麂 鹿 洗 洗 洗 洗 ，'
    正确翻译说明：
    正确翻译含义：'麂 鹿 洗 洗 洗 洗 ，'
    正"
麀 鹿 濯 濯 ， 白 鸟 鹤 鹤 。,"'麀 鹿 濯 濯 ， 白 鸟 鹤 鹤 。'
    正确翻译：'麀 鹿 濯 濯 ， 白 鸟 鹤 鹤 ，'
    正确翻译：'麀 鹿 ��"
白 鸟 鹤 鹤 。,"'白 鸟 易 得 鹤 鹤 。'
    正确翻译：'白 鸟 能 够 偿 ��ppe 的 鹤 鸣 。'
    正确翻译说明：
    正确翻译表述了文言文句子的含义。
    文言文句子所表达的"
王 在 灵 沼 ，,"'王 国 在 灵 沼 池 边 ，'
    正确翻译：'王 国 在 灵 沼 池 边 ，'
    正确翻译：'王 国 在 灵 沼 沸 水 池 边 ，'
    正确翻译：'王 国 在 灵 沼 沸 水"
王 在 灵 沼 ， 于 牣 鱼 跃 。,"'周 武 王 在 灵 沼 池 中 ， 沼 鱼 跃 起 来 。'
    正确翻译：'周 武 王 站 在 灵 沼 池 边 ， 沼 鱼 跃 起 来 。'

    正确翻译理"
于 牣 鱼 跃 。,"'把 牣 鱼 放 进 池 跃 跃 。'
    正确翻译：'把 牣 鱼 放 入 池 跃 跃 一 样 。'
    正确翻译：'把 牣 鱼 放 入 池 跃 跃 一 样 。'
    正确"
文 王 以 民 力 为 台 为 沼 。,"'文 王 将 使 用 百 姓 的 力 作 为 水 坑 ，'
    正确翻译：'文 王 建 造 了 一 个 大 水 坑 ，'
    正确翻译：'文 王 用 了 百 姓 的 力 作 为 堤 室 ，'"
而 民 欢 乐 之 ，,"'而 民 围 绕 着 这 个 城 下 ，'
    正确翻译：'而 国 民 欢 愉 地 围 绕 着 这 个 城 下 ，'
    正确翻译：'而 国 民 欢 乐 地 围 绕 着 这 个 城 下"
而 民 欢 乐 之 ， 谓 其 台 曰 灵 台 ，,"'而 民 围 绕 着 那 池 边 ， 总 是 欢 愉 ， 叫 做 灵 台 ，'

    正确翻译是：
    正确翻译：'而 人 们 围 绕 着 那 池"
而 民 欢 乐 之 ， 谓 其 台 曰 灵 台 ， 谓 其 沼 曰 灵 沼 ，,'而 人 民 快 乐 ， 把 它 比 较 象 台 面 做 灵 台 ， 把 它 比 较 象 池 面 做 灵 沼
谓 其 台 曰 灵 台 ，,"'把 它 叫 做 灵 台 ，'
    正确翻译：'叫 做 灵 台 ，'
    正确翻译：'叫 做 灵 台 ，'
    正确翻译：'叫 做 灵 台 ，'
    正确����"
谓 其 台 曰 灵 台 ， 谓 其 沼 曰 灵 沼 ，,"'把 它 叫 做 灵 台 ， 把 它 叫 做 灵 沼 ，'
    正确翻译：'它 被 叫 做 灵 台 ， 它 被 ��"
谓 其 台 曰 灵 台 ， 谓 其 沼 曰 灵 沼 ， 乐 其 有 麋 鹿 鱼 鳖 。,'把 它 划 为 灵 台 ， 把 它 划 为 灵 沼 ， 快 乐 它 有 麋 鹿 、
谓 其 沼 曰 灵 沼 ，,"'把 那 个 池 叫 做 灵 沼 ，'
    正确翻译：'叫 这 个 池 做 为 灵 沼 ，'
    正确翻译：'叫 这 个 池 做 为 灵 沼 ，'
    正确����"
谓 其 沼 曰 灵 沼 ， 乐 其 有 麋 鹿 鱼 鳖 。,"'把 那 个 池 叫 做 灵 沼 ， 快 乐 它 有 麋 鹿 、 鱼 鳖 等 很 珍 禽 珠 宝 。'
</syntaxhighlight>

=="
乐 其 有 麋 鹿 鱼 鳖 。,"'快 乐 于 有 麋 鹿 、 鱼 鳖 等 异 兄 弟 。'
    正确翻译说明：
    正确翻译是：'快 乐 于 有 狄 人 、 鲤 鱼 、 鳖 等 异 类 的"
古 之 人 与 民 偕 乐 ，,"'昔 代 的 君 王 与 百 姓 一 起 快 乐 ，'
    正确翻译：'昔 代 的 君 王 和 百 姓 一 起 快 乐 的 时 候 ，'
    正确翻译：'昔 代 的 君 王 和 百 姓 一 起"
古 之 人 与 民 偕 乐 ， 故 能 乐 也 。,"'昔 天 下 的 人 与 百 姓 相 互 亲 爱 ， 所 以 能 够 快 乐 的 。'
    正确翻译理由：
    正确翻译理由：'昔 天 下 的 君 子 与 百 姓 相 �"
故 能 乐 也 。,"'所 以 能 够 快 乐 的 。'
    正确翻译：'所 以 能 够 快 乐 的 是 。'
    正确翻译：'所 以 能 够 快 乐 的 是 。'
    正确翻译：'所 以 能 够 快 乐 的 是 。'
    正确"
汤 誓 曰 ：,"'汤 誓 曾 经 说 ：'
    正确翻译：'汤 誓 道 ：'
    正确翻译：'汤 誓 言 ：'
    正确翻译：'汤 誓 言 ：'
    正确翻译：'汤 誓 宣 誓 ：'"
汤 誓 曰 ： 时 日 害 丧 ？,"'汤 诗 说 ： 时 间 快 尘 侵 犯 您 宋 国 吗 ？'
    正确翻译说明：
    正确翻译是：'汤 诗 说 ： 时 间 快 尘 侵 犯 ��"
时 日 害 丧 ？,"'天 天 又 丧 爱 岂 有 呢 ？'
    正确翻译说明：
    正确翻译：
    正确翻译：

    正确翻译：
    正确翻译：
    正确翻译：
    正确翻译：
    正确翻译：
    正"
予 及 女 偕 亡 。,"'我 宁 可 偕 亡 一 个 姑 娘 ，'
    正确翻译：'我 愿 意 宁 可 害 怕 一 个 姑 娘 ，'
    正确翻译：'我 愿 意 害 怕 受 侵 犯"
民 欲 与 之 偕 亡 ，,"'百 姓 都 想 与 他 一 起 做 仗 兵 ，'
    正确翻译：'百 姓 都 想 象 是 一 起 做 仗 兵 ，'
    正确翻译：'百 姓 都 想 象 是 一 起 做 仗 兵 ，'"
民 欲 与 之 偕 亡 ， 虽 有 台 池 鸟 兽 ，,"'百 姓 想 要 与 他 们 一 起 停 执 在 台 ， 即 使 有 台 池 里 有 很 多 鸟 兽 ，'
    正确翻译说明：
    正确翻译：'百 姓"
民 欲 与 之 偕 亡 ， 虽 有 台 池 鸟 兽 ， 岂 能 独 乐 哉 ？,'百 姓 都 想 与 你 同 样 停 执 在 台 ， 即 使 你 有 台 池 里 放 放 鸟 鸟 鸟 ， 怎 么 能 够
虽 有 台 池 鸟 兽 ，,"'即 使 有 台 面 池 鸟 猫 ，'

    正确翻译是：
    正确翻译：'即 使 有 水 壳 面 池 的 动 物 ，'
    正确翻译：'即 使 有 水 壳 面 池 的 动 物 ，'
    正"
虽 有 台 池 鸟 兽 ， 岂 能 独 乐 哉 ？,"'即 使 有 台 岛 的 鸟 兽 ， 怎 么 能 够 孤 善 归 狄 执 尊 呢 ？'
    正确翻译的说明：
    正确翻译的原因："
岂 能 独 乐 哉 ？,"'怎 么 能 够 独 自 做 哪 种 东 西 呢 ？'
    正确翻译说明：
    正确翻译是：
    正确翻译表述了文言文句子的含义。
    正确翻译准确地将文言文句子的古文文"
邹 与 鲁 哄 。,"'邹 国 与 鲁 国 害 怕 彼 人 又 害 怕 彼 人 ，'
    正确翻译说明：
    正确翻译：'邹 国 和 鲁 国 都 害 怕 彼 人 ，'
    正确翻译解释："
穆 公 问 曰 ：,"'穆 公 问 道 ：'
    正确翻译：'穆 公 问 ：'

    正确翻译是什么？
    正确翻译是：
    正确翻译：'穆 公 问 ：'
    正确翻译是：'穆 公 问 道 ：'
    正确翻译是："
穆 公 问 曰 ： 吾 有 司 死 者 三 十 三 人 ，,"'穆 公 问 道 ： 我 的 官 吏 死 了 三 十 三 个 ，'
    正确翻译：'穆 公 问 ： 我 的 官 吏 人 均 坏 死 了 ，'
    正确翻译：'穆"
穆 公 问 曰 ： 吾 有 司 死 者 三 十 三 人 ， 而 民 莫 之 死 也 。,"'穆 公 问 道 ： 我 的 官 吏 死 了 三 十 三 个 ， 但 是 人 民 却 不 会 害 死 他 们 。'
</poem>

== 问  ==

<poem>"
吾 有 司 死 者 三 十 三 人 ，,"'我 的 官 吏 死 了 三 十 三 个 ，'
    正确翻译：'我 的 官 吏 各 种 人 均 坏 死 了 ，'
    正确翻译：'我 的 官 吏 各 类 人 都 坏 死 了 ，'
    正确"
吾 有 司 死 者 三 十 三 人 ， 而 民 莫 之 死 也 。,"'我 的 官 吏 死 了 三 十 三 个 ， 而 人 民 却 不 会 害 死 他 们 。'
</syntaxhighlight>

== 文言文 ==
文言文是汉语文言文，是汉语文言文文言文文言文文言文文言文文言文文言文"
而 民 莫 之 死 也 。,"'而 民 却 不 会 受 伤 死 了 。'
    正确翻译：
    正确翻译：'而 民 却 不 会 受 伤 死 了 。'
    正确翻译：'而 民 却 不 会 受 伤 死 了 。'
    正确翻"
诛 之 ，,"'杀 他 们 ，'
    正确翻译：'杀 他 们 ，'
    说明：
    文言文句子'诛 他 ，'表达的是'杀 杀 他 们 ，'这 个 翻 译 正 确 。'

    正确翻译是 因 为'诛 他 ，'这 个 翻 译"
诛 之 ， 则 不 可 胜 诛 ；,"'杀 他 们 ， 那 倒 是 不 会 胜 胜 过 杀 他 们 ；'
    正确翻译说明：
    正确翻译是：'杀 他 们 ， 这 就 不 会 胜 胜 过 他 们 ；'
    正确翻译"
则 不 可 胜 诛 ；,"'就 算 不 能 胜 诛 ；'
    正确翻译：'就 算 是 不 能 胜 诛 的 ；'
    正确翻译：'就 算 是 不 能 胜 诛 的 ；'
    正确翻译：'就 算 是 不 能 胜 诛 的 ；'"
不 诛 ，,"'不 杀 ，'
    正确翻译：'不 杀 人 ，'
    正确翻译：'不 杀 人 ，'
    正确翻译：'不 杀 人 ，'
    正确翻译：'不 杀 人 ，'
    正确翻译：'不 杀 人 ，'
    正确翻译"
不 诛 ， 则 疾 视 其 长 上 之 死 而 不 救 ，,"'不 杀 他 ， 那 么 看 待 他 的 长 官 上 面 却 不 救 他 ，'
    正确翻译：'不 杀 他 ， 那 么 看 待 他 的 高 官 却 不 救 他 ，'"
不 诛 ， 则 疾 视 其 长 上 之 死 而 不 救 ， 如 之 何 则 可 也 ？,"'不 杀 他 ， 那 倒 是 看 待 长 官 上 届 的 死 亲 而 不 挽 救 ， 这 就 是 怎 么 办 才 呢 ？'
    正确��"
则 疾 视 其 长 上 之 死 而 不 救 ，,"'就 算 是 看 待 长 官 即 尸 而 不 救 他 ，'
    正确翻译说明：
    正确翻译：
    正确翻译：
    正确翻译：

    正确翻译：
    正确翻译：
    正"
则 疾 视 其 长 上 之 死 而 不 救 ， 如 之 何 则 可 也 ？,"'那 么 看 待 他 们 长 辈 的 死 亲 而 不 救 他 们 ， 这 种 情 况 怎 么 可 以 劝 励 他 们 呢 ？'
    正确翻译的原因："
如 之 何 则 可 也 ？,"'这 就 是 最 大 的 好 办 法 吗 ？'
    正确翻译说明：
    正确翻译是：
    正确翻译：
    
    正确翻译是：
    正确翻译：
    正确翻译：
    正确翻译：
    正确翻译："
孟 子 对 曰 ：,"'孟 子 回 答 说 ：'
    正确翻译：'孟 子 回 答 说 ：'

    正确翻译是什 么好 的？
    正确翻译是 什 么 好 的
    正确翻译是 什 么 好 的
    正确翻译是 什"
孟 子 对 曰 ： 凶 年 饥 岁 ，,"'孟 子 回 答 道 ： 灾 荒 年 岁 ，'
    正确翻译：'孟 子 回 答 ： 灾 荒 年 的 时 候 ，'
    正确翻译：'孟 子 回 答 ： 灾"
孟 子 对 曰 ： 凶 年 饥 岁 ， 君 之 民 老 弱 转 乎 沟 壑 ，,"'孟 子 回 答 道 ： 灾 荒 年 年 ， 国 君 的 人 民 老 弱 借 用 沟 壑 ，'
    正确翻译意思：'��"
凶 年 饥 岁 ，,"'灾 荒 年 年 伐 ，'
    正确翻译：'灾 荒 年 年 伐 ，'
    正确翻译：'灾 荒 年 年 伐 ，'
    正确翻译：'灾 荒 年 年 伐 ，'
    正确翻译：'"
凶 年 饥 岁 ， 君 之 民 老 弱 转 乎 沟 壑 ，,"'灾 荒 年 年 坏 年 ， 国 家 的 老 百 姓 沿 着 河 岸 边 借 沟 壑 寻 废 处 ，'
    正确翻译意思：'灾"
凶 年 饥 岁 ， 君 之 民 老 弱 转 乎 沟 壑 ， 壮 者 散 而 之 四 方 者 ，,'灾 荒 年 年 轻 年 老 弱 的 时 候 ， 君 主 的 百 姓 总 是 沿 着 河 岸 岛 ��
君 之 民 老 弱 转 乎 沟 壑 ，,"'您 的 人 民 老 弱 借 交 通 路 岭 高 峰 ，'
    正确翻译：'您 的 老 百 姓 易 便 借 用 沟 壑 和 高 山 作 为 交 通 路 岭 ，'"
君 之 民 老 弱 转 乎 沟 壑 ， 壮 者 散 而 之 四 方 者 ，,"'您 的 百 姓 老 弱 借 你 把 他 们 挤 满 沟 壑 ， 年 轻 的 人 散 开 他 们 四 周 ，'
    正确翻译"
君 之 民 老 弱 转 乎 沟 壑 ， 壮 者 散 而 之 四 方 者 ， 几 千 人 矣 ；,'您 的 百 姓 老 弱 借 你 把 他 们 把 人 们 把 人 们 把 人 们 把 人 们 把 人 们
壮 者 散 而 之 四 方 者 ，,"'年 轻 勇 者 散 开 四 面 ，'
    正确翻译：'年 轻 勇 士 散 开 四 面 面 ，'
    正确翻译：'年 轻 勇 士 散 开 四 面 面 ，'
    正确翻译：'年"
壮 者 散 而 之 四 方 者 ， 几 千 人 矣 ；,"'年 轻 勇 者 逃 荒 野 而 充 全 四 周 ， 有 几 千 人 吧 ？'
    正确翻译的说明：
    正确翻译的说明：
    正确翻译的说明：


== response =="
几 千 人 矣 ；,"'几 千 人 有 办 法 吗 ？'
    正确翻译理由：
    正确翻译理由：'几 千 人 的 行 为 是 有 办 法 的 吗 ？'
    正确翻译是 的原因是：
    正确翻译是 的原因是：'几 千"
而 君 之 仓 廪 实 ，,"'而 你 做 的 仓 室 厨 厨 ，'

    正确翻译是：
    正确翻译：'而 你 总 是 把 厨 厨 劳 勤 ，'
    正确翻译是：'而 你 总 是 把 厨 ��"
而 君 之 仓 廪 实 ， 府 库 充 ，,'而 宋 国 的 �
而 君 之 仓 廪 实 ， 府 库 充 ， 有 司 莫 以 告 ，,"'而 你 宋 国 的 仓 室 劳 耕 ， 货 库 充 足 ， 官 吏 不 把 信 任 的 信 息 告 诉 ，'
    正确翻译意思：'而 中 国"
府 库 充 ，,"'国 库 装 满 ，'
    正确翻译：'国 库 装 满 ，'
    正确翻译：'国 库 充 满 ，'
    正确翻译：'国 库 装 满 ，'
    正确翻译：'国 库 装 满 ，'
    正确翻译：'国 库"
府 库 充 ， 有 司 莫 以 告 ，,"'国 库 装 满 ， 官 吏 不 愿 意 受 邀 ，'
    正确翻译：
    正确翻译：'国 库 装 满 ， 官 吏 不 愿 意 接 受 邀 请 ，'
    正确翻译：'国"
府 库 充 ， 有 司 莫 以 告 ， 是 上 慢 而 残 下 也 。,'充 够 财 库 ， 官 吏 不 愿 意 受 侵 犯 ， 是 因 为 是 上 税 辖 的 ， 而 下 面 剩 下 一 瓦 破 的 。'
有 司 莫 以 告 ，,"'官 吏 们 却 不 愿 意 受 邀 ，'
    正确翻译：
    正确翻译：'官 吏 却 不 想 去 接 受 邀 请 ，'
    正确翻译：'官 吏 们 却 不 想 去 接 受 邀"
有 司 莫 以 告 ， 是 上 慢 而 残 下 也 。,"'官 吏 们 不 愿 意 受 邀 ， 是 因 为 他 们 慢 慢 地 回 答 ， 而 剩 下 别 人 。'
    正确翻译的原因：
    在这个翻译中，'有 司"
是 上 慢 而 残 下 也 。,"'这 就 是 上 级 别 人 慢 慢 地 做 仓 仓 地 方 ，'
    正确翻译：'这 就 是 上 级 别 人 慢 慢 地 做 仓 库 ，'
    正确翻译：'这 就 是"
曾 子 曰 ：,"'曾 子 说 ：'
    正确翻译：'曾 子 说 ：'

    正确翻译是什么？
    正确翻译是：
    正确翻译：'曾 子 说 ：'
    正确翻译是：'曾 子 说 ：'
    正确翻译是：'曾 子"
曾 子 曰 ： 戒 之 戒 之 ！,"'曾 子 说 ： 准 备 战 战 ！'
    正确翻译理由：
    正确翻译理由：'曾 子 的 话 是 指 要 准 备 面 对 敌 人 的 时 候 ，'
    正确翻译：'正"
戒 之 戒 之 ！,"'准 备 战 备 战 备 ！'
    正确翻译理由：
    正确翻译理由：'战 争 的 时 候 ，'
    正确翻译理由：'这 个 时 候 ，'
    正确翻译理由：'人 民 都 准 备 �"
出 乎 尔 者 ，,"'几 么 怪 你 呢 ，'
    正确翻译：'很 奇 怪 你 呢 ，'
    正确翻译：'很 奇 怪 你 呢 ，'
    正确翻译：'很 奇 怪 你 呢 ，'
    正确翻译：'很 奇 怪 你 ��"
出 乎 尔 者 ， 反 乎 尔 者 也 。,"'是 不 得 以 您 为 仗 服 ， 是 不 得 以 您 为 仗 服 的 。'
    正确翻译说明：
    正确翻译解释：
    正确翻译的意思是：'是 不 得 以 您 为 仗 服"
反 乎 尔 者 也 。,"'是 你 呢 。'
    正确翻译：
    正确翻译：'是 你 呢 。'
    正确翻译：'是 你 呢 。'
    正确翻译：'是 你 呢 。'
    正确翻译：'是 你 呢 。'
    正确翻译：'是"
夫 民 今 而 后 得 反 之 也 。,"'现 在 的 人 民 却 能 够 反 对 待 他 们 的 政 治 ，'
    正确翻译：'现 在 的 人 民 能 够 反 对 待 他 们 的 政 治 ，'
    正确翻译：'现 在 的 人 民 能 够"
君 无 尤 焉 。,"'您 们 坚 守 正 道 ，'
    正确翻译：'您 们 坚 守 正 确 道 路 ，'
    正确翻译：'您 们 坚 守 正 确 的 道 路 ，'
    正确翻译：'您 们 坚 守 正 确 的 道 路"
君 行 仁 政 ，,"'您 在 治 理 国 家 的 时 候 要 行 贤 政 ，'
    正确翻译：'您 在 治 理 国 家 的 时 候 应 该 做 贤 政 的 ，'
    正确翻译：'您 在 治 理 国 家 的 时 候 应 该 做 贤"
君 行 仁 政 ， 斯 民 亲 其 上 ，,"'如 果 君 主 做 的 政 体 制 是 仁 政 的 ， 那 里 的 百 姓 会 愿 意 坚 守 他 的 国 家 ，'

    正确翻译是：
    正确翻译：'如 果 君 主 的 政 体 制 是 仁 政"
君 行 仁 政 ， 斯 民 亲 其 上 ， 死 其 长 矣 。,"'如 果 君 主 善 政 ， 那 里 的 百 姓 会 愿 意 干 推 他 们 到 尊 敬 他 们 的 上 司 ， 他 们 的 长 官 会 灭 终 了 。'

    正确�"
斯 民 亲 其 上 ，,"'这 个 国 家 亲 近 他 们 的 上 帝 ，'
    正确翻译：'这 个 国 家 亲 近 神 国 ，'
    正确翻译：'这 个 国 家 亲 近 神 国 ，'
    正确翻译：'这 个 国 家 亲 近 上 帝 ，'"
斯 民 亲 其 上 ， 死 其 长 矣 。,"'这 个 国 家 护 着 自 己 的 上 司 ， 长 官 却 没 有 人 负 责 他 ， 他 却 又 要 死 了 。'
</poem>

== 文言文 ==
=== 文言文句子： 正 翻 译 ==="
死 其 长 矣 。,"'杀 掉 他 们 的 长 官 了 。'
    正确翻译理由：
    正确翻译理由：'文言 文 言 文 言 文 言 文 言 文 言 文 言 文 言 文 言 文 言 文 言 文 言 文 言 文 言 文 言 文 言 文 言 文 言 文 言"
孟 子 曰 ：,"'孟 子 说 ：'
    正确翻译：'孟 子 说 ：'

    正确翻译是：
    正确翻译：'孟 子 说 ：'
    正确翻译：'孟 子 说 ：'
    正确翻译：'孟 子 说 ：'
    正确翻译：'�"
孟 子 曰 ： 易 其 田 畴 ，,"'孟 子 说 ： 改 变 农 田 粮 田 ，'
    正确翻译：'孟 子 说 ： 改 变 农 田 的 干 系 统 制 度 ，'
    正确翻译：'孟 子 说 ： 改 变 农 田 的"
孟 子 曰 ： 易 其 田 畴 ， 薄 其 税 敛 ，,"'孟 子 说 ： 改 变 田 土 壮 秄 ， 减 少 税 收 ，'
    正确翻译：'孟 子 说 ： 改 变 田 土 的 壮 秄 ， 减 少 税"
易 其 田 畴 ，,"'改 变 农 田 粮 仓 ，'
    正确翻译：'改 变 农 田 的 办 法 ，'
    正确翻译：'改 变 农 田 的 管 理 方 法 ，'
    正确翻译：'改 变 农 田 的 管 理 方 法 ，'"
易 其 田 畴 ， 薄 其 税 敛 ，,"'改 变 田 土 壮 练 ， 减 少 税 收 ，'

    正确翻译理由：
    正确翻译理由：'文言 文 言 句 子 中 的 是 推 动 农 田 改 造 ， 减 少 税"
易 其 田 畴 ， 薄 其 税 敛 ， 民 可 使 富 也 。,"'改 变 农 田 块 轮 ， 减 少 税 收 ， 就 可 以 使 人 民 富 裕 。'
</syntaxhighlight>

== 文言文 ==
文言文是汉语文言文，是汉语文言文文言文文言文文言文文"
薄 其 税 敛 ，,"'减 少 税 收 ，'
    正确翻译：'减 少 税 收 ，'
    正确翻译：'减 少 税 收 ，'
    正确翻译：'减 少 税 收 ，'
    正确翻译：'减 少 税 收 ，'"
薄 其 税 敛 ， 民 可 使 富 也 。,"'减 少 税 收 ， 就 可 以 使 人 民 富 裕 。'
    正确翻译理由：
    正确翻译理由：'文言 文 言 句 子 中 的 税 收 与 现 代 汉 语 翻 译 中 的 相"
民 可 使 富 也 。,"'人 民 可 以 使 他 们 富 裕 。'
    正确翻译：'人 民 可 以 通 过 财 富 来 解 决 问 题 。'
    正确翻译：'人 民 可 以 通 过 财 富 来 解 决 社 会 问 题 。'
    正确翻译"
食 之 以 时 ，,"'按 季 节 吃 东 西 ，'
    正确翻译：'按 季 节 吃 东 西 ，'
    正确翻译：'按 季 节 吃 不 同 的 食 物 ，'
    正确翻译：'按 季 节 吃 不 同 的 食 物 ，'
    正确��"
食 之 以 时 ， 用 之 以 礼 ，,"'按 季 节 吃 的 ， 按 圣 礼 节 使 用 的 ，'
    正确翻译：'按 季 节 吃 的 ， 按 圣 礼 节 做 的 ，'
    正确翻译：'按 季 节 吃 的 ， 按"
食 之 以 时 ， 用 之 以 礼 ， 财 不 可 胜 用 也 。,"'吃 吃 很 慢 ， 使 用 很 宜 节 制 ， 财 物 很 有 用 呢 ， 这 就 不 算 是 有 价 值 的 。'
</poem>

== 文言文 ==
=== 文言"
用 之 以 礼 ，,"'用 以 执 行 礼 规 ，'
    正确翻译：'按 照 礼 规 准 确 执 行 ，'
    正确翻译：'按 照 礼 规 准 确 执 行 ，'
    正确翻译：'按 照 礼 ��"
用 之 以 礼 ， 财 不 可 胜 用 也 。,"'使 用 以 善 爱 ， 财 物 不 能 比 胜 贵 。'
    正确翻译理由：
    正确翻译理由：'文言 文 言 善 爱 的 用 法 ，'
    正确翻译：'是 善"
财 不 可 胜 用 也 。,"'财 物 也 不 能 胜 胜 用 。'
    正确翻译：'物 质 也 不 能 胜 胜 优 化 。'
    正确翻译：'物 质 也 不 能 超 越 胜 胜 优 化 。'
    正确翻译"
民 非 水 火 不 生 活 ，,"'人 民 不 能 免 受 水 和 火 的 侵 犯 ，'
    正确翻译：'人 民 不 能 免 受 自 然 条 件 的 侵 害 ，'
    正确翻译：'人 民 不 能 免 受 自 然 条 件 的"
民 非 水 火 不 生 活 ， 求 水 火 ，,"'人 民 不 能 免 受 水 和 火 的 侵 犯 ， 求 借 水 和 火 ，'

    正确翻译理由：
    正确翻译理由：'文言 文 言 文 言 文 言 文 言 文 言 文 言 文 言 文 言 文"
民 非 水 火 不 生 活 ， 求 水 火 ， 无 弗 与 者 ，,"'人 民 不 能 养 生 没 有 水 和 火 ， 求 借 水 和 火 ， 没 有 不 给 的 ，'
    正确翻译：
    正确翻译：'人 民 不 能 养 养 生 活 如 此 ，"
求 水 火 ，,"'求 借 水 和 火 ，'
    正确翻译：'求 借 水 和 火 ，'
    正确翻译：'求 借 水 和 火 ，'
    正确翻译：'求 借 水 和 火 ，'
    正确翻译：'求 借 水 和 火 ，'
    正确翻译"
求 水 火 ， 无 弗 与 者 ，,"'求 借 水 和 火 ， 没 有 不 给 的 ，'
    正确翻译：
    正确翻译：'求 借 水 和 火 ， 没 有 不 给 的 ，'
    正确翻译：'求 借 水 和 火 ， 没 有 不 给 的 ，'
    正"
求 水 火 ， 无 弗 与 者 ， 至 足 矣 。,"'求 借 水 和 火 ， 没 有 不 给 的 ， 就 算 是 足 够 了 。'
    正确翻译的说明：
    正确翻译的原因：
    文言文句子中的'求 水 火 ， 无 弗 与 者 ， ��"
无 弗 与 者 ，,"'没 有 不 给 的 ，'
    正确翻译：
    正确翻译：'没 有 不 给 的 ，'
    正确翻译：'没 有 不 给 的 ，'
    正确翻译：'没 有 不 给 的 ，'
    正确翻译：'没 有 不 给 的 ，'
    正确�"
无 弗 与 者 ， 至 足 矣 。,"'没 有 不 给 的 ， 就 算 是 足 够 的 。'
    正确翻译理由：
    正确翻译理由：'没 有 不 给 的 ， 这 就 算 是 够 了 。'

    正确翻译是：
    正确翻译：'没 有"
至 足 矣 。,"'是 要 求 的 最 大 的 一 率 。'
    正确翻译说明：
    正确翻译解释：
    文言文句子指的是：'这 是 要 求 的 最 大 一 率 。'
    正确翻译解释：
    正确翻译表述：
    正确����"
圣 人 治 天 下 ，,"'圣 人 治 理 天 下 ，'
    正确翻译：'圣 人 治 理 整 个 天 下 ，'
    正确翻译：'圣 人 治 理 整 个 天 下 ，'
    正确翻译：'圣 人 治 理 整 个 天 下 ，'
    正确"
圣 人 治 天 下 ， 使 有 菽 粟 如 水 火 。,"'圣 人 治 理 天 下 ， 使 人 民 充 足 豆 类 、 谷 类 的 食 物 ， 就 象 是 水 和 火 。'
</poem>

== 问题2 ==
<poem>
    文言文句子：'孟 子 曰 ："
使 有 菽 粟 如 水 火 。,"'使 他 充 沛 有 豆 类 谷 类 作 为 水 和 火 ，'
    正确翻译：'使 他 充 沛 有 豆 类 谷 类 的 营 养 ，'
    正确翻译：'使 他 充 沛 有 豆 类"
菽 粟 如 水 火 ，,"'菽 粟 就 象 水 和 火 一 样 大 ，'
    正确翻译：
    正确翻译：'菽 粟 比 水 火 大 ，'
    正确翻译：'菽 粟 比 水 火 大 ，'
    正确翻译：'菽 粟 比 水"
菽 粟 如 水 火 ， 而 民 焉 有 不 仁 者 乎 ？,"'豆 类 食 物 比 气 如 水 火 ， 人 民 却 有 没 有 不 爱 的 别 人 呢 ？'
    正确翻译的说明：
    正确翻译的原因：
    文言文句子中的'"
而 民 焉 有 不 仁 者 乎 ？,"'而 这 个 国 家 的 人 却 有 没 有 不 仁 爱 的 吗 ？'
    正确翻译理由：
    正确翻译理由：'文言 文 言 文 言 句 子 中 的 时 态 是 现 在 时 态 ，'
    正确翻译"
孟 子 曰 ：,"'孟 子 说 ：'
    正确翻译：'孟 子 说 ：'

    正确翻译是：
    正确翻译：'孟 子 说 ：'
    正确翻译：'孟 子 说 ：'
    正确翻译：'孟 子 说 ：'
    正确翻译：'�"
孟 子 曰 ： 孔 子 登 东 山 而 小 鲁 ，,"'孟 子 说 ： 孔 子 登 上 东 山 就 小 鲁 ，'
    正确翻译：'孟 子 说 ： 孔 子 登 上 东 山 就 比 小 鲁 小 了 ，'

    正确翻译是：
    正"
孟 子 曰 ： 孔 子 登 东 山 而 小 鲁 ， 登 泰 山 而 小 天 下 。,"'孟 子 说 ： 孔 子 登 上 东 山 就 小 了 鲁 国 ， 登 上 泰 山 就 小 了 天 下 。'
    正确翻译的说明：
    正确翻译的原因："
孔 子 登 东 山 而 小 鲁 ，,"'孔 子 登 上 东 山 就 小 鲁 ，'
    正确翻译：'孔 子 登 上 东 山 就 能 够 看 见 小 鲁 国 ，'
    正确翻译：'孔 子 登 上 东 山 就 能 够 看 见"
孔 子 登 东 山 而 小 鲁 ， 登 泰 山 而 小 天 下 。,"'孔 子 登 上 东 山 就 小 了 鲁 国 ， 登 上 泰 山 就 小 了 天 下 。'
    正确翻译：'孔 子 登 上 东 山 就 比 鲁 国 小 了 ， 登 上 泰 山"
登 泰 山 而 小 天 下 。,"'登 上 泰 山 就 算 是 小 天 下 。'
    正确翻译：'登 上 泰 山 就 算 是 天 下 有 限 制 的 。'
    正确翻译：'登 上 泰 山 就 算 是 天 下 有 限 制 的 。'
    正确翻译：'登 上 泰"
故 观 于 海 者 难 为 水 ，,"'因 此 ， 观 看 海 水 的 人 难 以 捉 捕 水 的 本 性 ，'
    正确翻译：'因 为 这 样 ， 观 看 海 水 的 人 难 以 捉 捕 海 水 本 性 ，'
    正确翻译"
故 观 于 海 者 难 为 水 ， 游 于 圣 人 之 门 者 难 为 言 。,"'因 为 看 待 海 水 就 算 是 水 ， 游 览 圣 人 的 门 下 就 算 是 言 论 ，'
    正确翻译的说明：
    正确翻译的解��"
游 于 圣 人 之 门 者 难 为 言 。,"'站 在 圣 人 门 下 ， 难 道 能 以 话 来 满 准 备 。'
    正确翻译的说明：
    正确翻译的原因：
    文言文句子中的'门 下 的 人 是 圣 人 的 门 人 ，'"
观 水 有 术 ，,"'观 看 水 有 哲 学 ，'
    正确翻译：'看 待 水 有 哲 学 价 值 ，'
    正确翻译：'看 待 水 有 哲 学 价 值 ，'
    正确翻译：'水 有 哲 学 价 值 ，'"
观 水 有 术 ， 必 观 其 澜 。,"'观 看 水 有 哲 学 ， 就 会 观 看 它 的 潮 澜 。'
    正确翻译理由：
    正确翻译理由：'文言 文 言 很 深 ，'
    正确翻译理由：''
    正确翻"
必 观 其 澜 。,"'必 然 要 观 看 它 的 潮 澜 。'
    正确翻译理由：
    正确翻译理由：'文言 文 言 文 言 文 言 文 言 文 言 文 言 文 言 文 言 文 言 文 言 文 言 文 言 文 言 文 言 文 言 文 言"
日 月 有 明 ，,"'日 月 光 辉 照 着 天 下 ，'
    正确翻译：'日 月 光 辉 照 着 天 下 ，'
    正确翻译：'日 月 光 辉 照 着 天 下 ，'
    正确翻译：'日 月 光 辉 照 着"
日 月 有 明 ， 容 光 必 照 焉 。,"'日 月 光 辉 照 照 着 地 方 ， 就 可 以 让 人 看 见 光 明 的 美 丽 。'
</syntaxhighlight>

== 文言文 ==
文言文是汉语文言文，是汉语文言文文言文文言文文言文文言文文言文文言文文言"
容 光 必 照 焉 。,"'宜 允 许 太 阳 恰 好 能 够 照 亮 这 里 的 。'
    正确翻译说明：
    正确翻译是：'宜 允 许 太 阳 恰 好 能 够 照 亮 这 里 的 。'
    正确��"
流 水 之 为 物 也 ，,"'流 水 象 是 一 种 物 体 ，'
    正确翻译：'流 水 象 是 一 种 物 体 ，'
    正确翻译：'流 水 象 是 一 种 物 体 ，'
    正确翻译：'流 水 象 是 一 种 物 体 ，'
    正确翻译：'流"
流 水 之 为 物 也 ， 不 盈 科 不 行 ；,"'流 水 象 是 自 然 的 事 物 ， 不 能 充 足 学 习 而 不 能 行 正 确 ；'
    正确翻译说明：
    正确翻译解释：
    流 水 象 表 征 自 然 事 物 的 本 性 ，"
不 盈 科 不 行 ；,"'不 能 学 不 盈 学 坛 就 不 能 行 正 确 ；'
    正确翻译说明：
    正确翻译解释：
    正确翻译表述：
    正确翻译意思：
    正确翻译句子所表达的文言文文言文文言文文言文文言文文"
君 子 之 志 于 道 也 ，,"'君 子 的 志 向 是 向 正 确 的 道 路 而 向 往 ，'
    正确翻译：'君 子 的 本 心 是 向 正 确 正 确 的 道 路 而 向 往 ，'
    正确翻译：'君 子 的 本 心 是 向 正 确 正 确 的"
君 子 之 志 于 道 也 ， 不 成 章 不 达 。,"'君 子 的 志 向 于 正 道 ， 不 能 成 章 不 能 达 成 。'
    正确翻译：'君 子 的 本 心 向 正 确 道 路 ， 不 能 成 章 不 能 实 现 完 善 。'
    正确翻译：'君"
不 成 章 不 达 。,"'不 能 充 满 力  劲 ， 不 能 达 到 最 大 的 效 果 。'
    正确翻译说明：
    正确翻译解释：
    文言文句子所表达的意思是：'不 能 充 满 力  劲 ， 不 能 达 到 最 大 的 效"
孟 子 曰 ：,"'孟 子 说 ：'
    正确翻译：'孟 子 说 ：'

    正确翻译是：
    正确翻译：'孟 子 说 ：'
    正确翻译：'孟 子 说 ：'
    正确翻译：'孟 子 说 ：'
    正确翻译：'�"
孟 子 曰 ： 鸡 鸣 而 起 ，,"'孟 子 说 ： 鸡 声 惠 后 起 来 ，'
    正确翻译：'孟 子 说 ： 鸡 声 就 是 惠 后 起 来 的 ，'
    正确翻译：'孟 子 说 ： 鸡 声 象"
孟 子 曰 ： 鸡 鸣 而 起 ， 孳 孳 为 善 者 ，,"'孟 子 说 ： 鸡 声 惠 后 起 来 ， 孜 孜 不 倦 地 善 于 善 的 ，'
    正确翻译的说明：
    正确翻译的说明：'孟"
鸡 鸣 而 起 ，,"'鸡 鸣 惠 惠 起 来 ，'
    正确翻译：
    正确翻译：'晨 鸡 惠 惠 起 声 ，'
    正确翻译：'晨 鸡 惠 惠 起 响 声 ，'
    正确翻译：'�"
鸡 鸣 而 起 ， 孳 孳 为 善 者 ，,"'鸡 鸣 惠 惠 起 来 ， 孜 孜 不 倦 地 善 于 善 的 ，'

    正确翻译是：
    正确翻译：'鸡 鸣 惠 惠 起 来 ， 孜 �"
鸡 鸣 而 起 ， 孳 孳 为 善 者 ， 舜 之 徒 也 。,"'鸡 鸣 惠 惠 起 来 ， 那 是 善 人 的 ， 就 象 是 舜 的 弟 子 那 样 。'
</poem>

== 文言文 ==
=== 文言文句子简述 ==="
孳 孳 为 善 者 ，,"'孜 孜 不 倦 地 善 于 善 的 ，'
    正确翻译：'孜 孜 不 倦 地 善 于 善 的 ，'
    正确翻译：'孜 孜 不 倦 地 善 于 善 的 ，'
    正确"
孳 孳 为 善 者 ， 舜 之 徒 也 。,"'孜 孜 不 倦 地 善 于 善 的 ， 就 象 舜 这 样 。'
    正确翻译的说明：
    正确翻译的原因：
    文言文句子中的'孜 孜 不 倦 地 善"
舜 之 徒 也 。,"'是 舜 的 徒 仆 们 。'
    正确翻译：'是 舜 的 徒 老 百 姓 。'
    正确翻译：'是 舜 的 所 践 猛 厉 的 徒 老 百 姓 。'
    正确翻译：'是 舜"
鸡 鸣 而 起 ，,"'鸡 鸣 惠 惠 起 来 ，'
    正确翻译：
    正确翻译：'晨 鸡 惠 惠 起 声 ，'
    正确翻译：'晨 鸡 惠 惠 起 响 声 ，'
    正确翻译：'�"
鸡 鸣 而 起 ， 孳 孳 为 利 者 ，,"'鸡 鸣 声 就 起 来 ， 孜 孜 不 倦 地 寻 求 利 益 的 ，'

    正确翻译的说明：
    正确翻译的原因：'鸡 鸣 声 象 是 某 种 动"
鸡 鸣 而 起 ， 孳 孳 为 利 者 ， 跖 之 徒 也 。,"'鸡 鸣 声 就 起 来 ， 孜 孜 不 倦 地 寻 求 利 益 的 ， 就 象 是 穿 着 跟 子 的 。'

    正确翻译是：
    正确"
孳 孳 为 利 者 ，,"'孜 孜 不 倦 地 求 利 益 的 ，'
    正确翻译：
    正确翻译：'孜 孜 不 倦 地 求 利 益 的 ，'
    正确翻译：'孜 孜 不 倦 地 求 利 益 的 ，'"
孳 孳 为 利 者 ， 跖 之 徒 也 。,"'孜 孜 不 倦 地 求 利 益 的 ， 就 象 是 穿 着 跟 着 跖 子 的 勤 劳 勤 劳 的 。'
    正确翻译的原因：
    在现代汉语翻译中"
跖 之 徒 也 。,"'是 跖 壁 的 徒 弟 们 。'
    正确翻译说明：
    正确翻译表述：'是 那 种 人 ， 正 是 跖 墙 的 徒 弟 们 。'
    正确翻译中的'跖 墙 的 徒 弟 们'"
欲 知 舜 与 跖 之 分 ，,"'想 知 道 舜 与 跖 的 区 别 ，'
    正确翻译：'想 知 道 舜 和 跖 的 区 别 ，'
    正确翻译：'想 知 道 舜 和 跖 的 区 别 ，'
    正确翻译：'"
欲 知 舜 与 跖 之 分 ， 无 他 ，,"'想 知 道 舜 与 跖 的 区 别 ， 没 有 其 他 方 法 ，'
    正确翻译：'想 象 知 道 舜 和 跖 的 区 别 ， 没 有 其 他 的 方 法 ，'
    正确翻译：'"
欲 知 舜 与 跖 之 分 ， 无 他 ， 利 与 善 之 间 也 。,"'想 知 舜 和 跖 的 区 别 ， 没 有 别 的 ， 是 贤 能 的 。'
    正确翻译：
    正确翻译：'想 知 道 舜 和 跖 的 区 �"
无 他 ，,"'没 有 其 他 ，'
    正确翻译：'没 有 其 他 的 ，'
    正确翻译：'没 有 其 他 方 法 ，'
    正确翻译：'没 有 其 他 方 法 ，'
    正确翻译：'没 有 其 他 办 法 ，'
    正确翻译：'没 有"
无 他 ， 利 与 善 之 间 也 。,"'没 有 别 的 ， 是 利 善 之 间 的 表 现 。'
    正确翻译的原因：
    文言文句子 '无 他 ， 利 与 善 之 间 也 。' 表达的意思是：'没 有 别 的 ， 是 某 种 表 现 的 ，"
利 与 善 之 间 也 。,"'是 在 利 用 与 善 用 之 间 。'
    正确翻译：'是 在 利 用 和 善 用 之 间 。'
    正确翻译：'是 在 利 用 和 善 用 之 间 。'
    正确翻译：'是 在 利 用 与 善 用 之"
孟 子 曰 ：,"'孟 子 说 ：'
    正确翻译：'孟 子 说 ：'

    正确翻译是：
    正确翻译：'孟 子 说 ：'
    正确翻译：'孟 子 说 ：'
    正确翻译：'孟 子 说 ：'
    正确翻译：'�"
孟 子 曰 ： 杨 子 取 为 我 ，,"'孟 子 说 ： 杨 朱 各 取 我 们 ，'
    正确翻译：'孟 子 说 ： 杨 朱 各 自 做 为 我 们 ，'
    正确翻译：'孟 子 说 ： 杨 朱 各 自 ��"
孟 子 曰 ： 杨 子 取 为 我 ， 拔 一 毛 而 利 天 下 ，,"'孟 子 说 ： 杨 朱 吾 招 为 我 ， 勤 劳 一 瓦 而 能 利 天 下 ，'
    正确翻译的说明：
    正确翻译的说明：'孟 子"
杨 子 取 为 我 ，,"'杨 朱 主 张 为 我 ，'
    正确翻译：'杨 朱 主 张 执 行 我 的 政 策 ，'
    正确翻译：'杨 朱 主 张 执 行 我 的 政 策 ，'
    正确翻译：'杨 朱 主 张 执"
杨 子 取 为 我 ， 拔 一 毛 而 利 天 下 ，,"'杨 朱 主 张 为 我 ， 勤 劳 一 瓦 瓦 而 有 利 于 天 下 ，'
    正确翻译说明：
    正确翻译：'杨 朱 主 张 是 我 的 弟 子 ， 他 勤"
杨 子 取 为 我 ， 拔 一 毛 而 利 天 下 ， 不 为 也 。,"'杨 朱 主 张 为 我 ， 拔 去 一 根 毫 毛 而 有 利 于 天 下 ， 这 就 不 算 为 劳 勤 。'

    正确翻译的原因：
    正确翻译的"
拔 一 毛 而 利 天 下 ，,"'拔 去 一 根 毫 毛 而 能 够 利 用 于 天 下 ，'
    正确翻译：'拔 去 一 瓦 瓦 的 东 西 而 能 够 用 于 天 下 ，'
    正确翻译：'拔 去 一 瓦 的"
拔 一 毛 而 利 天 下 ， 不 为 也 。,"'拔 去 一 根 毫 毛 而 利 用 天 下 ， 不 用 劳 力 。'
    正确翻译的说明：
    正确翻译的意思是：'即 使 是 一 根 毫 毛 ， 也 会 用 于 服 丧"
不 为 也 。,"'不 是 因 为 。'
    正确翻译：
    正确翻译：'不 是 因 为 。'
    正确翻译：'不 是 因 为 。'
    正确翻译：'不 是 因 为 。'
    正确翻译：'不 是 因 为 。'
    正确翻译：'不 是 因 为"
墨 子 兼 爱 ，,"'墨 子 同 样 爱 惜 ，'
    正确翻译：'墨 子 也 会 惜 忘 惜 ，'
    正确翻译：'墨 子 也 会 惜 忘 惜 ，'
    正确翻译：'墨 子 也 会 惜 ��"
墨 子 兼 爱 ， 摩 顶 放 踵 利 天 下 ，,"'墨 子 同 样 爱 国 ， 摩 顶 扇 脚 而 能 利 用 天 下 ，'

    正确翻译是：
    正确翻译：'墨 子 也 兼 爱 国 ， 摩 �"
墨 子 兼 爱 ， 摩 顶 放 踵 利 天 下 ， 为 之 。,"'墨 子 同 样 兼 爱 天 下 ， 摩 顶 扇 脚 而 能 利 天 下 ， 这 就 是 他 所 以 做 的 。'

    正确翻译理由：
    正确��"
摩 顶 放 踵 利 天 下 ，,"'摩 秃 头 放 脚 踏 腾 腾 地 利 用 天 下 ，'
    正确翻译：'挟 着 烂 澡 的 头 发 放 贵 于 脚 脚 ，'
    正确翻译：'挟 着 ��"
摩 顶 放 踵 利 天 下 ， 为 之 。,"'摩 秃 战 迷 放 贵 的 脚 踩 踏 薄 柔 地 利 用 天 下 ， 这 是 他 劝 劝 你 的 。'

    正确翻译是：
    正确翻译：'摩 秃"
为 之 。,"'这 是 我 们 要 求 的 。'
    正确翻译：'这 是 我 们 要 求 的 。'
    正确翻译：'这 是 我 们 要 求 的 。'
    正确翻译：'这 是 我 们 要 求 的 。'
    正确翻译：'这 是 我 们 要 求 的 。'"
子 莫 执 中 ，,"'孔 子 执 行 中 国 ，'
    正确翻译：'孔 子 在 中 国 执 行 政 奚 变 ，'
    正确翻译：'孔 子 在 中 国 执 行 政 制 度 变 化 ，'
    正确翻译：'孔 子 在 中"
子 莫 执 中 ， 执 中 为 近 之 ，,"'别 执 于 中 间 ， 执 中 就 算 是 接 近 正 确 的 ，'
    正确翻译的原因：
    原文句子描述了'执 中 是 正 确 的 ，' 这 个 表 达 方 法 是 文 言 文 言"
子 莫 执 中 ， 执 中 为 近 之 ， 执 中 无 权 ，,"'孔 子 又 执 着 中 间 ， 中 间 就 是 着 眼 睁 睁 的 ， 中 间 没 有 权 衡 的 ，'
    正确翻译意思：
    正确�����"
执 中 为 近 之 ，,"'宋 朝 政 府 执 行 中 国 大 国 的 政 策 ，'
    正确翻译：'宋 朝 政 府 按 照 中 国 大 国 的 政 策 执 行 ，'
    正确翻译：'宋 朝 政 府 按 照 中 国 大 国"
执 中 为 近 之 ， 执 中 无 权 ，,"'执 行 中 间 度 于 近 处 ， 执 行 中 没 有 权 衡 ，'
    正确翻译：'执 行 中 间 差 不 计 ； 执 行 中 没 有 正 确 的 判 决 力 ，'
    正确��"
执 中 为 近 之 ， 执 中 无 权 ， 犹 执 一 也 。,"'执 行 中 国 为 近 国 ， 执 行 中 国 无 所 不 权 ， 犹 是 一 个 大 国 。'
</syntaxhighlight>

== 文言文 ==
=== 文言文含义 ===
文言文含义：

    文言"
执 中 无 权 ，,"'执 行 中 没 有 权 衡 ，'
    正确翻译：'在 执 行 中 没 有 权 衡 ，'
    正确翻译：'在 执 行 中 没 有 权 衡 ，'
    正确翻译：'在 执 行 中 没 有 正"
执 中 无 权 ， 犹 执 一 也 。,"'执 行 中 国 王 室 的 法 律 ， 就 好 象 只 有 一 个 国 家 的 法 律 。'
</poem>

== 文言文 ==
=== 文言文句子：  ===
==== meaning ==== 

==== 正确翻译 ====

{{{poem"
犹 执 一 也 。,'就 好 象 是 一 个 巧
所 恶 执 一 者 ，,"'所 恶 劝 一 个 ，'
    正确翻译：'所 劝 使 一 个 做 一 个 错 误 的 ，'
    正确翻译：'所 劝 使 一 个 做 一 个 错 误 的 ，'
    正确翻译：'所 劝 使"
所 恶 执 一 者 ， 为 其 贼 道 也 ，,"'所 恶 用 一 样 害 总 的 法 律 ， 是 因 为 他 们 的 道 理 是 贼 的 ，'

    正确翻译是：
    正确翻译：'所 用 一 样 害 总 的 法 律 ，"
所 恶 执 一 者 ， 为 其 贼 道 也 ， 举 一 而 废 百 也 。,'所 做 的 徒 弟 ， 是 因 为 他 跟 着 某 种 贪 婪 道 路 ， 就 象 把 一 面 把 废 弃 百 姓 而 ��
为 其 贼 道 也 ，,"'是 因 为 他 跟 着 贼 道 ，'
    正确翻译：'是 因 为 他 跟 着 贼 人 的 行 为 方 式 ，'
    正确翻译：'是 因 为 他 跟 着 贼 人 的 行 为 方 式 ，'
    正确��"
为 其 贼 道 也 ， 举 一 而 废 百 也 。,"'这 是 他 们 背 叛 道 路 的 ， 把 一 个 偷 私 的 别 人 替 他 废 弃 百 姓 。'
    正确翻译的原因：
    原文文言文句子描述的是'"
举 一 而 废 百 也 。,"'把 一 个 做 为 百 个 垃 圾 桶 垃 圾 扫 地 。'
</syntaxhighlight>

== 文言文 ==
=== 文言文 ===
文言文是汉语文言文，是 汉 子 所 学 的 文 言 文 论 文 言 文 艺 文 艺 文 �"
孟 子 曰 ：,"'孟 子 说 ：'
    正确翻译：'孟 子 说 ：'

    正确翻译是：
    正确翻译：'孟 子 说 ：'
    正确翻译：'孟 子 说 ：'
    正确翻译：'孟 子 说 ：'
    正确翻译：'�"
孟 子 曰 ： 饥 者 甘 食 ，,"'孟 子 说 ： 饥 饿 的 人 甘 愿 吃 东 西 ，'
    正确翻译：'孟 子 说 ： 饥 饿 的 人 愿 意 吃 东 西 ，'
    正确翻译：'孟 子 说"
孟 子 曰 ： 饥 者 甘 食 ， 渴 者 甘 饮 ，,"'孟 子 说 ： 饥  hunger 感 食 ， 干 渴 感 饮 ，'
    正确翻译：'孟 子 说 ： 饥 饿 的 人 愿 意 吃 东 西 ， �"
饥 者 甘 食 ，,"'饥 饿 的 人 愿 意 吃 东 西 ，'
    正确翻译：'饥 饿 的 人 愿 意 吃 东 西 ，'
    正确翻译：'饥 饿 的 人 愿 意 吃 东 西 ，'
    正确翻译：'��"
饥 者 甘 食 ， 渴 者 甘 饮 ，,"'饥 hunger 的 人 愿 意 吃 东 西 ， 干 渴 的 人 愿 意 饮 水 ，'
</syntaxhighlight>

== 文言文 ==
文言文是汉语文言文，是汉语古代文言文的一种特定形式。

== 现代汉语 ==
现代汉"
饥 者 甘 食 ， 渴 者 甘 饮 ， 是 未 得 饮 食 之 正 也 ，,'饥 饿 的 人 愿 意 吃 东 西 ， 干 渴 的 人 愿 意 饮 水 ， 这 就 是 没 有 得 到 正 确 的 饮 食 方 法 的
渴 者 甘 饮 ，,"'干 渴 的 人 愿 意 饮 水 ，'
    正确翻译：'干 渴 的 人 愿 意 喝 水 ，'
    正确翻译：'干 渴 的 人 愿 意 喝 水 ，'
    正确翻译：'干 ��"
渴 者 甘 饮 ， 是 未 得 饮 食 之 正 也 ，,"'干 渴 的 人 愿 意 饮 水 ， 这 就 是 他 们 没 有 得 到 正 确 的 饮 食 方 法 ，'

    正确翻译是：
    正确翻译：'干 渴 的 人 �"
渴 者 甘 饮 ， 是 未 得 饮 食 之 正 也 ， 饥 渴 害 之 也 。,"'干 渴 的 人 愿 意 饮 水 ， 这 就 没 有 正 确 的 饮 食 方 法 ， 是 因 为 干 渴 害 所 致 。'
    正确"
是 未 得 饮 食 之 正 也 ，,"'这 就 是 没 有 得 到 正 确 的 饮 食 方 法 ，'
    正确翻译说明：
    正确翻译：
    正确翻译：

    正确翻译：
    正确翻译：
    正确翻译：
    正确翻译：
    正确"
是 未 得 饮 食 之 正 也 ， 饥 渴 害 之 也 。,"'这 就 是 没 有 得 到 正 确 的 饮 食 方 法 ， 是 因 为 饥 渴 害 他 们 的 。'
    正确翻译理由：
    正确翻译理由：'正 确 的 饮 食 方"
饥 渴 害 之 也 。,"'是 因 为 饥 饿 和 干 渴 。'
    正确翻译：
    正确翻译：'是 因 为 饥 饿 和 干 渴 。'
    正确翻译：'是 因 为 饥 饿 和 干 渴 。'
    正确�"
岂 惟 口 腹 有 饥 渴 之 害 ？,"'岂 仅 是 吃 东 西 吧 ， 口 腹 没 有 饥 渴 的 害  done ？'
    正确翻译的说明：
    正确翻译的原因：
    文言文句子中的'口 腹' 指 的 是"
人 心 亦 皆 有 害 。,"'人 心 也 有 害 。'
    正确翻译：'人 心 也 会 有 害 。'
    正确翻译：'人 心 也 会 有 害 。'
    正确翻译：'人 心 也 会 有 害 。'
    正确翻译：'人 心 也"
人 能 无 以 饥 渴 之 害 为 心 害 ，,"'人 们 能 够 不 以 饥 饿 、 充 油 等 症 为 心 灵 性 害 ，'

    正确翻译理由：
    正确翻译理由：'正 确 翻 译 的 理 由 是 文"
人 能 无 以 饥 渴 之 害 为 心 害 ， 则 不 及 人 不 为 忧 矣 。,"'人 们 能 够 忽 视 饥 饿 、 干 渴 等 害 所 害 人 心 ， 就 不 算 是 有 所 担 心 啊 。'

    正确�"
则 不 及 人 不 为 忧 矣 。,"'那 么 不 及 了 人 却 不 用 忧 惕 呢 。'
    正确翻译理由：
    正确翻译理由：'这 个 句 子 表 达 的 意 思 是 ：'只 要 不 会 有 人 却 不 用 忧 惕 ，"
孟 子 曰 ：,"'孟 子 说 ：'
    正确翻译：'孟 子 说 ：'

    正确翻译是：
    正确翻译：'孟 子 说 ：'
    正确翻译：'孟 子 说 ：'
    正确翻译：'孟 子 说 ：'
    正确翻译：'�"
孟 子 曰 ： 柳 下 惠 不 以 三 公 易 其 介 。,"'孟 子 说 ： 柳 枝 下 面 惠 不 以 三 公 为 介 卖 人 。'
    正确翻译的说明：
    正确翻译的原因：
    文言文句子中的'柳 下 惠"
柳 下 惠 不 以 三 公 易 其 介 。,"'柳 树 下 规 定 不 以 三 公 为 契 定 。'
    正确翻译：'柳 树 下 的 规 定 不 以 三 公 为 契 定 。'
    正确翻译：'柳 树 下 的 ��"
孟 子 曰 ：,"'孟 子 说 ：'
    正确翻译：'孟 子 说 ：'

    正确翻译是：
    正确翻译：'孟 子 说 ：'
    正确翻译：'孟 子 说 ：'
    正确翻译：'孟 子 说 ：'
    正确翻译：'�"
孟 子 曰 ： 有 为 者 辟 若 掘 井 ，,"'孟 子 说 ： 有 所 作 为 就 比 如 是 挖 井 一 样 ，'

    正确翻译是：
    正确翻译：'孟 子 说 ： 有 所 作 用 就 比 象 是 挖 井 一 样 ，'
    正"
孟 子 曰 ： 有 为 者 辟 若 掘 井 ， 掘 井 九 轫 而 不 及 泉 ，,"'孟 子 说 ： 有 所 作 为 就 比 象 是 挖 井 一 样 ， 挖 井 九 轼 而 没 有 得 到 泉 水 ，'
    正确翻译的意思是："
有 为 者 辟 若 掘 井 ，,"'有 所 作 为 就 比 如 是 挖 井 ，'
    正确翻译：'有 的 是 要 象 是 挖 井 一 样 努 力 ，'
    正确翻译：'有 的 是 要 象 是 挖 井 一 样 努 力 ，'
    正确����"
有 为 者 辟 若 掘 井 ， 掘 井 九 轫 而 不 及 泉 ，,"'有 所 作 为 就 比 如 是 挖 井 一 样 ， 挖 井 九 轼 而 没 有 得 到 泉 水 ，'
    正确翻译的说明：
    正确翻译的意思是：'有 所 作 为"
有 为 者 辟 若 掘 井 ， 掘 井 九 轫 而 不 及 泉 ， 犹 为 弃 井 也 。,'有 所 作 为 就 比 如 是 挖 井 一 样 ， 挖 井 九 轼 而 还 没 有 得 到 泉 水 ， 就 好 象 别 害 掘 井
掘 井 九 轫 而 不 及 泉 ，,"'挖 井 九 甸 而 没 有 得 到 泉 水 ，'
    正确翻译：'勤 劳 地 挖 井 九 甸 ， 但 没 有 得 到 泉 水 ，'
    正确翻译：'勤 劳 地 挖 井 ， ��"
掘 井 九 轫 而 不 及 泉 ， 犹 为 弃 井 也 。,'挖 井 九 轼 而 还 没 有 得 到 泉 水 ， 就 象 害 害 地 害 害 害 害 地 害 害 害 害 害 害 害 害 害
犹 为 弃 井 也 。,"'就 好 象 做 借 井 把 借 借 井 ，'
    正确翻译：'就 好 象 做 借 井 借 借 ，'
    正确翻译：'就 好 象 做 借 井 借 ，'
    正确翻译：'就 好"
孟 子 曰 ：,"'孟 子 说 ：'
    正确翻译：'孟 子 说 ：'

    正确翻译是：
    正确翻译：'孟 子 说 ：'
    正确翻译：'孟 子 说 ：'
    正确翻译：'孟 子 说 ：'
    正确翻译：'�"
孟 子 曰 ： 尧 舜 ，,"'孟 子 说 ： 尧 舜 ，'

    正确翻译是：
    正确翻译：'孟 子 说 ： 尧 舜 是 两 个 国 君 ，'
    正确翻译是：'孟 子 说 ： 尧 舜 是 两 个 国"
孟 子 曰 ： 尧 舜 ， 性 之 也 ；,"'孟 子 说 ： 尧 舜 ， 是 性 的 ；'
    正确翻译：'孟 子 说 ： 尧 舜 是 人 性 的 体 裁 ，'
    正确翻译：'孟 子 说 ： 尧 舜 是"
尧 舜 ，,"'尧 舜 ，'
    正确翻译：'尧 舜 是 中 国 最 贤 能 的 两 个 君 子 ，'

    正确翻译是：
    正确翻译：'尧 舜 是 中 国 最 贤 能 的 两 个 君 子 ，'
    正确翻译："
尧 舜 ， 性 之 也 ；,"'尧 舜 之 爱 民 ， 是 因 为 他 们 本 性 ；'
    正确翻译：
    正确翻译：'尧 舜 的 民 衆 喜 欢 他 ， 是 因 为 他 们 本 性 贵 于 人 民 的 。'

    正确��"
性 之 也 ；,"'是 的 ， 是 因 为 性 质 。'
    正确翻译：'是 的 ， 是 因 为 人 的 性 质 。'
    正确翻译：'是 的 ， 是 因 为 人 的 性 质 。'
    正确翻译：'是 的 ， 是 因 为 人 的 性 质 。'"
汤 武 ，,"'汤 武 是 一 个 强 大 的 国 家 君 主 ，'
    正确翻译：
    正确翻译：'汤 武 是 一 个 强 大 的 国 家 君 主 ，'
    正确翻译：'汤 武 是 一 个 强 大 的 国 家 君 主 ，'
    正"
汤 武 ， 身 之 也 ；,"'汤 武 是 人 的 本 性 ；'
    正确翻译：
    正确翻译：'汤 武 是 人 的 本 性 ；'
    正确翻译：'汤 武 是 人 的 本 性 ；'
    正确翻译：'汤 武 是 人 的 本 性 ；'"
身 之 也 ；,"'是 身 体 的 体 裁 ；'
    正确翻译：'是 体 裁 的 一 种 体 裁 ；'
    正确翻译：'是 体 裁 的 一 种 体 裁 ；'
    正确翻译：'体 裁 是 一 种 体 裁 ；'
    正确翻译：'"
五 霸 ，,"'五 霸 国 ，'
    正确翻译：'五 霸 国 是 中 国 的 五 个 大 国 ，'

    正确翻译是 正确 的  because 文言 文 言 文 言 文 言 文 言 文 言 文 言 文 言 文 言 文 言 文 言 文 言 文 言 文 言 文 言 文"
五 霸 ， 假 之 也 。,"'五 霸 是 假 借 ， 是 假 借 的 。'
    正确翻译的原因：
    正确翻译的原因是：'五 霸 是 假 借 ， 是 假 借 的 ，' 正确翻译了 文言 文 句 中 的"
假 之 也 。,"'是 假 借 了 的 。'
    正确翻译：'是 假 借 了 的 。'
    正确翻译：'是 假 借 了 的 。'
    正确翻译：'是 假 借 了 的 。'
    正确翻译：'是 假 借 了 的"
久 假 而 不 归 ，,"'长 久 假 借 而 不 归 还 ，'
    正确翻译：'长 久 假 借 而 没 有 还 款 ，'
    正确翻译：'长 久 假 借 而 没 有 还 款 ，'
    正确翻译：'长 久 假"
久 假 而 不 归 ， 恶 知 其 非 有 也 。,"'长 久 假 借 而 不 归 还 ， 恶 者 知 道 他 们 不 有 正 确 的 道 路 。'
</syntaxhighlight>

== 文言文 ==
文言文是汉语文言文，是汉语文言文文言文文言文文言文文言文文言文文言文文言"
恶 知 其 非 有 也 。,"'不 知 道 他 们 不 会 有 。'
    正确翻译：
    正确翻译：'不 知 道 他 们 不 会 有 正 确 的 信 徒 。'
    正确翻译：'不 知 道 他 们 不 会 有 正 确 信 徒 的 。'
    正确翻"
公 孙 丑 曰 ：,"'公 孙 丑 说 ：'
    正确翻译：'公 孙 丑 说 ：'

    正确翻译是：
    正确翻译：'公 孙 丑 说 ：'
    正确翻译：'公 孙 丑 说 ：'
    正确翻译：'公 �"
公 孙 丑 曰 ： 伊 尹 曰 ：,"'公 孙 丑 说 ： 伊 尹 说 ：'

    正确翻译是：
    正确翻译：'公 孙 丑 说 ： 伊 尹 说 ：'
    正确翻译：'公 孙 丑 说 ： 伊 尹 说 ："
公 孙 丑 曰 ： 伊 尹 曰 ： 予 不 狎 于 不 顺 。,"'公 孙 丑 说 ： 伊 尹 说 ： 我 不 愿 意 不 顺 从 。'
    正确翻译的原因：
    原文文言文句子中的'不 顺 ' 表示'不 愿"
伊 尹 曰 ：,"'伊 尹 说 ：'
    正确翻译：'伊 尹 说 ：'

    正确翻译是什 么好 的？
    正确翻译是 什 么 好 的
    正确翻译是 什 么 好 的
    正确翻译是 什 么 好 的
    正确����"
伊 尹 曰 ： 予 不 狎 于 不 顺 。,"'伊 尹 说 ： 我 不 会 狎 杀 不 顺 理 的 人 。'
    正确翻译的原因：
    原文中的'不 顺 理' 指 不 顺 行 为 的 人 ，'狎 杀 不 顺 理 的"
予 不 狎 于 不 顺 。,"'我 不 愿 意 不 顺 从 而 干 。'
    正确翻译：
    正确翻译：'我 不 愿 意 不 顺 从 而 干 。'
    正确翻译：'我 不 喜 欢 不 顺 从 而 干 。'
    正"
放 太 甲 于 桐 ，,"'将 太 甲 放 在 桐 邑 ，'
    正确翻译：'将 太 甲 放 在 桐 邑 ，'
    正确翻译：'将 太 甲 放 在 桐 邑 ，'
    正确翻译：'将 太 甲 放 在 桐 邑 ，'
    正确��"
放 太 甲 于 桐 ， 民 大 悦 。,"'将 太 甲 放 在 桐 山 上 ， 百 姓 很 高 兴 。'
    正确翻译理由：
    正确翻译理由：'太 甲 是 中 国 古 代 的 国 王 ， 桐 山 是 中 国 古 代 文 学 、 文 艺"
民 大 悦 。,"'百 姓 很 高 兴 。'
    正确翻译：'百 姓 很 高 兴 。'
    说 明 文：'文 言 文 子 曰 ：'
    正 确 翻 译：'文 言 文 子 说 ：'

    正 确 翻 译 原 文：'文 言 文 子 说 ：'"
太 甲 贤 。,"'太 甲 是 贤 者 。'
    正确翻译：'太 甲 是 中 国 最 贤 能 的 。'
    正确翻译：'太 甲 是 中 国 最 贤 能 的 。'
    正确翻译：'太 甲 是 中 国 最 贤 能 的 。'
    正确翻译"
又 反 之 ，,"'又 反 倒 了 ，'
    正确翻译：
    正确翻译：'又 是 反 面 的 ，'
    正确翻译：'又 是 正 反 面 的 ，'
    正确翻译：'又 是 正 反 面 的 ，'
    正确翻译：'又 是 正"
又 反 之 ， 民 大 悦 。,"'又 反 对 他 ， 人 民 很 高 兴 。'
    正确翻译理由：
    正确翻译理由：'又 是 反 对 别 人 的 行 为 ， 人 民 很 高 兴 。'

    请将以下文言文句子翻译为现代汉语"
民 大 悦 。,"'百 姓 很 高 兴 。'
    正确翻译：'百 姓 很 高 兴 。'
    说 明 文：'文 言 文 子 曰 ：'
    正 确 翻 译：'文 言 文 子 说 ：'

    正 确 翻 译 原 文：'文 言 文 子 说 ：'"
贤 者 之 为 人 臣 也 ，,"'贤 人 就 象 是 国 家 的 臣 子 ，'
    正确翻译：
    正确翻译：'贤 人 象 如 是 国 家 的 臣 子 ，'
    正确翻译：'贤 人 象 如 是 国 家 的 臣 子 ，'
    正"
贤 者 之 为 人 臣 也 ， 其 君 不 贤 ，,"'贤 人 总 是 被 受 礼 物 的 国 君 所 迷 逃 ， 国 君 不 贤 能 行 为 的 时 候 ，'

    正确翻译是：
    正确翻译：'贤 人 总 是 被"
贤 者 之 为 人 臣 也 ， 其 君 不 贤 ， 则 固 可 放 与 ？,"'贤 人 总 是 被 拖 了 为 国 家 的 人 ， 如 果 国 家 不 能 贤 明 ， 那 么 他 可 以 放 射 吗 ？'
    正确翻译理由：
    正"
其 君 不 贤 ，,"'他 的 国 君 不 贤 明 ，'
    正确翻译：'他 的 国 君 不 是 贤 明 的 ，'
    正确翻译：'他 的 国 君 不 是 贤 明 的 ，'
    正确翻译：'他 的 国 君 不 是 贤 明 的 ，'
    正确"
其 君 不 贤 ， 则 固 可 放 与 ？,"'如 果 君 主 不 贤 明 ， 那 又 该 放 射 顺 呢 ？'
    正确翻译的说明：
    正确翻译的原因：
    文言文句子中的'固 可 放 与 ，'
    正确翻译的'固"
则 固 可 放 与 ？,"'那 么 他 又 可 以 放  逐 鸟 吗 ？'
    正确翻译说明：
    正确翻译是：
    正确翻译表述了文言文句子的含义。
    正确翻译准确地将文言文句子的古文文言文翻译为现代"
孟 子 曰 ：,"'孟 子 说 ：'
    正确翻译：'孟 子 说 ：'

    正确翻译是：
    正确翻译：'孟 子 说 ：'
    正确翻译：'孟 子 说 ：'
    正确翻译：'孟 子 说 ：'
    正确翻译：'�"
孟 子 曰 ： 有 伊 尹 之 志 ，,"'孟 子 说 ： 有 伊 尹 这 样 大 公 的 志 向 ，'
    正确翻译：'孟 子 说 ： 有 有 伊 尹 这 样 大 公 的 志 向 ，'
    正确翻译：'孟 子 说 ： 有 有 伊"
孟 子 曰 ： 有 伊 尹 之 志 ， 则 可 ；,"'孟 子 说 ： 有 伊 尹 这 样 高 贵 的 人 的 志 向 ， 那 就 可 以 ；'
    正确翻译的句子意思是：
    正确翻译的句子意思是：'孟 子 说 ： 如 果 有"
有 伊 尹 之 志 ，,"'有 伊 尹 这 样 大 公 ，'
    正确翻译：'有 伊 尹 这 样 大 公 的 志 向 ，'
    正确翻译：'有 伊 尹 这 样 大 公 的 热 心 ，'
    正确翻译：'有 伊 尹 这 样 大 公 的"
有 伊 尹 之 志 ， 则 可 ；,"'有 伊 尹 这 样 高 贵 的 人 ， 他 的 志 向 很 大 ， 这 就 可 以 ；'
    正确翻译之所以不 正 确：'正 确 翻 译 是 ：'
    正确翻译：'正 确 翻 译 是 ：'"
则 可 ；,"'就 可 以 这 样 做 。'
    正确翻译说明：
    正确翻译是：'只 有 如 此 做 才 会 好 。'
    正确翻译表述了文言文句子的含义，它强调了只有通过某种方法或者行为才能达到最佳效果。

    文言文�"
无 伊 尹 之 志 ，,"'没 有 伊 尹 这 样 大 公 的 志 向 ，'
    正确翻译：'没 有 像 伊 尹 这 样 大 公 公 人 那 样 有 志 向 的 ，'
    正确翻译：'没 有 像 伊 尹 这 样 大 公 公 一 样 有 志 向 的"
无 伊 尹 之 志 ， 则 篡 也 。,"'没 有 伊 尹 这 样 高 贵 的 人 的 志 向 ， 就 算 是 篡 权 了 。'

    正确翻译理由：
    正确翻译理由：'文言 文 言 中 的 伊 尹 是 一 个 高 贵 的 公 子"
则 篡 也 。,"'就 好 象 是 篡 权 了 。'
    正确翻译说明：
    正确翻译：
    正确翻译：

    正确翻译是：
    正确翻译是：
    正确翻译是：
    正确翻译是：
    正确翻译是：
    正确翻译"
公 孙 丑 曰 ：,"'公 孙 丑 说 ：'
    正确翻译：'公 孙 丑 说 ：'

    正确翻译是：
    正确翻译：'公 孙 丑 说 ：'
    正确翻译：'公 孙 丑 说 ：'
    正确翻译：'公 �"
公 孙 丑 曰 ： 诗 曰 不 素 餐 兮 ，,"'公 孙 丑 说 ： 《 诗 经 》 中 有 这 样 文 言 吗 兮 ，'

    正确翻译：
    正确翻译：'公 孙 丑 说 ： 《 诗 经 》 中 有"
公 孙 丑 曰 ： 诗 曰 不 素 餐 兮 ， 君 子 之 不 耕 而 食 ，,'公 孙 丑 说 ： 《 诗 经 》 说 ： 不 能 养 养 饮 食 兮 ， 君 子 不 耕 养 而 养 饮 ，'
诗 曰 不 素 餐 兮 ，,"'《 诗 经 》 说 ：' 不 能 养 育 一 样 贤 养 的 宫 廷 兮 ，'
    正确翻译说明：
    正确翻译：'《 诗 经 》 说 ：' 不 能 养 育 一 样 贤 寳"
诗 曰 不 素 餐 兮 ， 君 子 之 不 耕 而 食 ，,"'《 诗 经 》 上 说 ： 不 耕 粮 餐 兮 ， 君 子 不 耕 而 养 饮 ，'
    正确翻译的含义是：'《 诗 经 》 上 说 ： 不 ��"
诗 曰 不 素 餐 兮 ， 君 子 之 不 耕 而 食 ， 何 也 ？,"'《 诗 经 》 说 ： 不 贤 净 吃 饭 啊 ， 君 子 不 劳 耕 而 养 生 ， 为 什 么 呢 ？'
    正确翻译的说明："
君 子 之 不 耕 而 食 ，,"'君 子 不 作 农 田 劳 作 而 吃 东 西 ，'
    正确翻译：
    正确翻译：'君 子 不 作 劳 作 农 田 而 充 足 食 ，'
    正确翻译：'君 子 不 作 劳 作 农 田"
君 子 之 不 耕 而 食 ， 何 也 ？,"'君 子 不 耕 种 而 养 着 饮 食 ， 为 什 么 呢 ？'
    正确翻译的说明：
    正确翻译的原因：
    文言文句子中的'君 子 之 不 耕 而 养 着 饮 食"
何 也 ？,"'为 什 么 ？'
    正确翻译：
    正确翻译：'为 什 么 ？'
    正确翻译：'为 什 么 ？'
    正确翻译：'为 什 么 ？'
    正确翻译：'为 什 么 ？'
    正确翻译：'为 什 么 ？"
孟 子 曰 ：,"'孟 子 说 ：'
    正确翻译：'孟 子 说 ：'

    正确翻译是：
    正确翻译：'孟 子 说 ：'
    正确翻译：'孟 子 说 ：'
    正确翻译：'孟 子 说 ：'
    正确翻译：'�"
孟 子 曰 ： 君 子 居 是 国 也 ，,"'孟 子 说 ： 君 子 居 住 在 这 个 国 家 ，'
    正确翻译：'孟 子 说 ： 君 子 居 住 在 这 个 国 家 的 时 候 ，'
    正确翻译：'孟 子 说 ： 君 子 居"
孟 子 曰 ： 君 子 居 是 国 也 ， 其 君 用 之 ，,"'孟 子 说 ： 君 子 居 住 在 这 个 国 家 ， 国 家 的 君 主 用 他 ，'

    正确翻译是：
    正确翻译：'孟 子 说 ： 君 子 居 住 在 这 个 国"
君 子 居 是 国 也 ，,"'君 子 居 住 在 这 个 国 家 ，'
    正确翻译：'君 子 居 住 在 这 个 国 家 ，'
    正确翻译：'君 子 居 住 在 这 个 国 家 ，'
    正确翻译：'君 子 居 住 在 这 个 国 家"
君 子 居 是 国 也 ， 其 君 用 之 ，,"'君 子 居 住 在 这 个 国 家 ， 他 们 的 国 君 用 他 们 ，'
    正确翻译：'君 子 居 住 在 这 个 国 家 ， 国 君 使 用 他 们 ，'
    正确翻译：'君 子 居 住 在"
君 子 居 是 国 也 ， 其 君 用 之 ， 则 安 富 尊 荣 ；,"'君 子 居 住 在 这 个 国 家 ， 如 果 能 使 用 这 个 国 家 ， 那 么 就 安 定 富 裕 、 荣 光 ；'

    正确翻译理由：
    正确翻译理由：'"
其 君 用 之 ，,"'他 的 国 君 使 用 ，'
    正确翻译：'他 的 国 君 使 用 。'

    正确翻译是因为：
    文言文中 的 词 义 和 现代 汉 语 中 的 词 义 相 对 应 ，'使 用 的 意 思 是 使 用 或 使 用 ，' 这 个"
其 君 用 之 ， 则 安 富 尊 荣 ；,"'他 们 总 是 用 它 ， 就 能 安 定 收 废 ， 辟 开 荣 誉 ；'

    正确翻译是：
    正确翻译：'他 们 总 是 用 这 个 来 害 律 收 废 ， 这"
则 安 富 尊 荣 ；,"'那 么 就 安 定 富 裕 、 尊 贵 、 荣 誉 ；'
    正确翻译说明：
    正确翻译是：
    正确翻译表述了文言文句子的含义。
    正确翻译表述了文言文句子的含义。正"
其 子 弟 从 之 ，,"'他 的 孩 子 从 来 ，'
    正确翻译：'他 的 孩 子 从 来 干 错 了 ，'
    正确翻译：'他 的 孩 子 从 来 干 错 了 ，'
    正确翻译：'他 的 孩 子 从 来 没 有 干"
其 子 弟 从 之 ， 则 孝 弟 忠 信 。,"'他 的 儿 子 从 来 ， 就 象 是 征 服 他 的 孝 子 ， 忠 实 信 医 圣 人 。'
    正确翻译说明：
    正确翻译是：'他 的 儿 子 从 来 ， 就 象 是 征"
则 孝 弟 忠 信 。,"'那 么 就 是 孝 爱 老 百 姓 忠 实 相 信 。'
    正确翻译理由：
    正确翻译理由：'文言 文 言 句 子 中 的 所 用 词 和 语 琴 押 的 意 思 都 与 现 代 汉 语 翻 译"
不 素 餐 兮 ，,"'不 能 充 足 饮 食 兮 ，'
    正确翻译：'不 能 充 分 养 养 ，'
    正确翻译：'不 能 充 足 养 养 ，'
    正确翻译：'不 能 充 沛 养 养 ，'"
不 素 餐 兮 ， 孰 大 于 是 ？,"'不 能 充 足 饮 食 啊 ， 哪 里 大 尧 ？'
    正确翻译的说明：
    正确翻译的原因：
    文言文句子中的'不 素 餐 兮 ，'表达了'不 能 充 足 饮 食"
孰 大 于 是 ？,"'孰 能 比 不 服 丧 ？'
    正确翻译：
    正确翻译：'孰 能 比 不 服 丧 服 服 服 服 服 服 服 服 服 服 服 服 服 服 服 服 服 服 服 服 服 服 服 服 服 服 服 服 服 服 服 服 服 服"
滕 文 公 问 曰 ：,"'滕 文 公 问 道 ：'

    正确翻译：
    正确翻译：'滕 文 公 问 ：'
    正确翻译：'滕 文 公 问 ：'
    正确翻译：'滕 文 公 问 ：'
    正确翻译：'滕 文 公 问"
滕 文 公 问 曰 ： 小 国 也 ，,"'滕 文 公 问 道 ： 这 是 一 个 小 国 ，'
    正确翻译：
    正确翻译：'滕 文 公 问 道 ： 这 个 国 家 太 小 了 ，'
    正确翻译：'滕 文 公 问 道 ： 这 个 国"
滕 文 公 问 曰 ： 小 国 也 ， 间 于 齐 楚 。,"'滕 文 公 问 道 ： 我 却 是 一 个 小 国 ， 却 是 在 齐 国 和 楚 国 之 间 。'
    正确翻译的原因：
    正确翻译的原因：
    正确翻译"
小 国 也 ，,"'小 国 是 一 个 ，'
    正确翻译：'小 国 是 一 个 国 家 ，'
    正确翻译：'小 国 是 一 个 国 家 ，'
    正确翻译：'小 国 是 一 个 国 家 ，'
    正确翻译：'小 国 是 一 个 国 家 ，'
    正确"
小 国 也 ， 间 于 齐 楚 。,"'小 国 是 一 个 小 国 ， 在 齐 国 和 楚 国 之 间 。'
    正确翻译是：
    正确翻译：'小 国 是 一 个 小 国 ， 位 于 齐 国 和 楚 国 之 间 。'
    说 明 文：'小 国"
间 于 齐 楚 。,"'在 齐 国 和 楚 国 之 间 。'
    正确翻译是：
    正确翻译：'在 齐 国 和 楚 国 之 间 。'
    说明：
    正确翻译正确地将'间 于 齐 楚 。'这个文言文句子翻译为'在 �"
事 齐 乎 ？,"'是 齐 国 吗 ？'
    正确翻译：
    正确翻译：'是 齐 国 吗 ？'
    正确翻译：'是 齐 国 吗 ？'
    正确翻译：'是 齐 国 吗 ？'
    正确翻译：'是 齐 国 �"
事 楚 乎 ？,"'把 这 个 事 做 楚 呢 ？'
    正确翻译说明：
    正确翻译是：
    正确翻译表述了文言文句子的含义。
    正确翻译充分展现了文言文句子的文化内涵和时代背景。
    正确����"
孟 子 对 曰 ：,"'孟 子 回 答 说 ：'
    正确翻译：'孟 子 回 答 说 ：'

    正确翻译是什 么好 的？
    正确翻译是 什 么 好 的
    正确翻译是 什 么 好 的
    正确翻译是 什"
孟 子 对 曰 ： 是 谋 非 吾 所 能 及 也 。,"'孟 子 回 答 说 ： 这 是 我 们 所 能 做 的 最 大 的 。'
    正确翻译的原因：
    正确翻译的原因：
    正确翻译的原因：
    正确翻译的原因："
是 谋 非 吾 所 能 及 也 。,"'这 就 是 我 们 不 能 够 及 全 面 的 。'
    正确翻译理由：
    正确翻译理由：'这 就 是 我 们 所 做 的 最 大 的 错 误 。'
    正确翻译：
    正确翻译：'这 就"
无 已 ，,"'没 有 尧 、 孟 子 之 类 的 ，'
    正确翻译：'没 有 尧 、 孟 子 等 那 种 规 律 的 ，'
    正确翻译说明：'没 有 尧 、 孟 子 等 那 种 规 律 的 ，'
    正确翻译是正"
无 已 ， 则 有 一 焉 ：,"'不 愿 意 受 侵 犯 ， 就 有 一 个 办 法 ：'
    正确翻译：
    正确翻译：'不 愿 意 受 侵 犯 ， 就 有 一 个 办 法 ：'
    正确翻译：'不 愿 意"
无 已 ， 则 有 一 焉 ： 凿 斯 池 也 ，,"'没 有 别 的 ， 就 有 一 个 ： 把 他 堤 墙 修  done ，'
    正确翻译说明：
    正确翻译：
    正确翻译：

    正确翻译是：
    正确翻译是：
    正确"
则 有 一 焉 ：,"'就 好 办 法 了 ：'
    正确翻译：
    正确翻译：

    正确翻译：
    正确翻译：
    正确翻译：
    正确翻译：
    正确翻译：
    正确翻译：
    正确翻译：
    正确翻译"
则 有 一 焉 ： 凿 斯 池 也 ，,"'那 就 有 一 个 ： 把 他 堆 滩 滩 滩 滩 滨 边 池 里 ，'

    正确翻译说明：
    正确翻译表明：'那 就 可 以 做 一 个 ： 把 他 把 他 把"
则 有 一 焉 ： 凿 斯 池 也 ， 筑 斯 城 也 ，,"'那 就 有 一 个 ： 把 他 堤 墙 修  done ， 把 他 城 河 修  done ，'

    正确翻译是：
    正确翻译：'那 就 是 要 修 他 的 防 害 工 具"
凿 斯 池 也 ，,"'把 池 壳 借 用 来 填 充 池 ，'
    正确翻译说明：
    正确翻译是：
    正确翻译：
    正确翻译是：
    正确翻译是：
    正确翻译是：
    正确翻译是：
    正确翻译"
凿 斯 池 也 ， 筑 斯 城 也 ，,"'把 池 壳 坚 固 ， 把 城 墙 坚 固 ，'
    正确翻译：'修 建 坚 固 的 池 壳 ， 修 建 坚 固 的 城 墙 ，'
    正确翻译：'修 建"
凿 斯 池 也 ， 筑 斯 城 也 ， 与 民 守 之 ，,"'把 池 壳 坚 固 ， 把 城 墙 坚 固 ， 与 老 百 姓 一 起 坚 守 它 ，'
    正确翻译意思：
    正确翻译意思：'修 建 坚 �"
筑 斯 城 也 ，,"'建 造 这 个 城 都 是 筑 墙 的 ，'
    正确翻译：'这 个 城 都 是 通 过 筑 墙 的 ，'
    正确翻译：'这 个 城 都 是 通 过 筑 墙 的 ，'
    正确翻译：'这 个 城 都 是"
筑 斯 城 也 ， 与 民 守 之 ，,"'建 筑 这 个 城 墙 ， 与 老 百 姓 一 起 守 卫 ，'
    正确翻译：'建 筑 这 个 城 墙 ， 与 老 百 姓 一 起 守 候 ，'
    正确翻译：'建 筑 这 个 城"
筑 斯 城 也 ， 与 民 守 之 ， 效 死 而 民 弗 去 ，,"'建 筑 城 墙 ， 与 老 百 姓 一 起 守 卫 ， 却 不 受 爱 战 而 老 百 姓 不 去 ，'
    正确翻译意思：'建 筑 城 墙 ，"
与 民 守 之 ，,"'与 老 百 姓 一 起 守 室 ，'
    正确翻译：'与 老 百 姓 一 起 住 下 在 室 ，'
    正确翻译：'与 老 百 姓 一 起 住 下 在 室 ，'
    正确翻译：'与 老 百 姓 一"
与 民 守 之 ， 效 死 而 民 弗 去 ，,"'与 老 百 姓 一 起 坚 守 它 ， 宁 可 牺 牲 而 老 百 姓 不 去 ，'
    正确翻译意思：
    正确翻译意思：'与 老 百 姓 一 起 坚 守 它 ， 老"
与 民 守 之 ， 效 死 而 民 弗 去 ， 则 是 可 为 也 。,"'与 老 百 姓 一 起 坚 守 它 ， 宁 可 牺 牲 而 老 百 姓 不 去 ， 这 就 算 是 可 以 做 的 。'
</poem>

== 文言文 ==
=== 文言文句"
效 死 而 民 弗 去 ，,"'就 象 是 要 害 死 的 ， 人 民 不 会 去 ，'
    正确翻译：'就 象 是 要 害 死 的 ， 人 民 不 会 放 弃 他 们 的 国 家 ，'
    正确翻译：'就 象 是 要 害 死 的 ， 人 民"
效 死 而 民 弗 去 ， 则 是 可 为 也 。,"'只 要 让 人 民 接 沉 于 事 物 的 边 缘 ， 就 可 以 做 的 。'
</syntaxhighlight>

== 文言文 ==
=== 文言文句子 ===
	 文言文句子：'孟 子 曰 ：'
	 现代汉语�����"
则 是 可 为 也 。,"'那 就 可 以 作 为 了 。'
    正确翻译理由：
    正确翻译理由：'文 言 文 言 是 说 的 ，'
    正确翻译：'文 言 文 言 是 说 的 ，'
    正确翻译：'文 言 文 言 是 说 的 ，'
    正确�����"
王 子 垫 问 曰 ：,"'周 子 垫 衣 垫 问 曰 ：'

    正确翻译是：
    正确翻译：'周 子 曾 问 道 ：'
    正确翻译：'周 子 曾 问 ：'
    正确翻译：'周 子 曾 问 道 ：'
    正确翻"
王 子 垫 问 曰 ： 士 何 事 ？,"'周 子 垫 问 道 ： 王 子 怎 样 办 呢 ？ ： 它 是 士 徒 哪 里 处 的 ？'
    正确翻译说明：
    正确翻译表明：周 子 垫 问 王 子 ： 怎 么 办"
士 何 事 ？,"'谁 是 谁 的 ？'
    正确翻译：'谁 是 谁 的 ？'
    正确翻译：'谁 是 谁 的 ？'
    正确翻译：'谁 是 谁 的 ？'
    正确翻译：'谁 是 谁 的 ？'
    正确翻译"
孟 子 曰 ：,"'孟 子 说 ：'
    正确翻译：'孟 子 说 ：'

    正确翻译是：
    正确翻译：'孟 子 说 ：'
    正确翻译：'孟 子 说 ：'
    正确翻译：'孟 子 说 ：'
    正确翻译：'�"
孟 子 曰 ： 尚 志 。,"'孟 子 说 ： 要 坚 持 正 向 。'
    正确翻译理由：
    正确翻译理由：'孟 子 在 文 言 文 言 中 表 达 的 意 思 是 要 坚 持 正 向 的 态 度 。'

    正确翻译：
    正"
尚 志 。,"'坚 持 正 确 的 。'
    正确翻译：'坚 持 正 确 的 。'
    正确翻译：'坚 持 正 确 的 。'
    正确翻译：'坚 持 正 确 的 。'
    正确翻译：'坚 持 正 确 的 。'
    正确翻译"
曰 ：,"'孟 子 说 ：'
    正确翻译：'孟 子 说 ：'

    正确翻译是因为：
    正确翻译：'孟 子 说 ：'
    原文：'曰 ：'
    正确翻译：'孟 子 说 ：'
    正确翻译理由：'曰 ：' 这 个 ��"
曰 ： 何 谓 尚 志 ？,"'孟 子 说 ： 又 该 怎 么 看 尚 志 能 行 呢 ？'
    正确翻译的说明：
    正确翻译的原因：
    文言文句子中的'尚 志 能 行 呢 ？' 表达了孟 子 对 尚 志 行"
何 谓 尚 志 ？,"'尚 志 好 于 何 ？'
    正确翻译：'尚 志 好 于 哪 些 事 物 ？'
    正确翻译：'尚 志 好 于 哪 些 事 物 ？'
    正确翻译：'尚 志 好 于 哪 些 事 物 ？'
    正确��"
孟 子 曰 ：,"'孟 子 说 ：'
    正确翻译：'孟 子 说 ：'

    正确翻译是：
    正确翻译：'孟 子 说 ：'
    正确翻译：'孟 子 说 ：'
    正确翻译：'孟 子 说 ：'
    正确翻译：'�"
孟 子 曰 ： 仲 子 ，,"'孟 子 说 ： 仲 子 ，'
    正确翻译：'孟 子 说 ： 仲 子 是 太 尊 的 ，'

    正确翻译是：
    正确翻译：'孟 子 说 ： 仲 子 是 太 尊 的 ，'
    正确�"
孟 子 曰 ： 仲 子 ， 不 义 与 之 齐 国 而 弗 受 ，,"'孟 子 说 ： 仲 子 ， 不 正 确 与 他 相 互 亲 近 丧 亲 国 却 不 受 他 宋 国 的 干 支 ，'
    正确翻译的方"
仲 子 ，,"'仲 子 是 中 国 最 贤 能 的 ，'
    正确翻译：'仲 子 是 中 国 最 贤 能 的 ，'
    正确翻译：'仲 子 是 中 国 最 贤 能 的 ，'
    正确翻译：'仲 子 是 中 国 最 贤 能"
仲 子 ， 不 义 与 之 齐 国 而 弗 受 ，,"'周 子 ， 不 服 丧 与 他 齐 国 一 样 不 受 ，'
    正确翻译：'周 子 ， 不 服 丧 与 齐 国 一 样 不 受 ，'
    正确翻译：'周 子 ， 与"
仲 子 ， 不 义 与 之 齐 国 而 弗 受 ， 人 皆 信 之 ，,"'周 子 ， 不 正 确 地 与 他 相 互 互 亲 近 齐 国 ， 人 们 都 相 信 他 ，'
    正确翻译意思：'周 子 ， 却 不 愿 意 正"
不 义 与 之 齐 国 而 弗 受 ，,"'不 仁 爱 地 侍 狄 国 而 不 受 他 们 的 害  done ，'
    正确翻译：'不 愿 意 害 狄 国 而 不 受 他 们 的 害  done ，'
    正确翻译：'不 ��"
不 义 与 之 齐 国 而 弗 受 ， 人 皆 信 之 ，,"'不 仁 爱 的 国 家 把 护 着 他 的 齐 国 ， 而 不 给 齐 国 免 受 侵 犯 ， 人 们 都 相 信 他 ，'

    正确翻译理由："
不 义 与 之 齐 国 而 弗 受 ， 人 皆 信 之 ， 是 舍 箪 食 豆 羹 之 义 也 。,'不 是 与 齐 国 一 起 行 善 的 ， 齐 国 却 不 受 退 歧 ， 人 们 都 相 信 他 ， 这 就
人 皆 信 之 ，,"'人 们 都 相 信 他 ，'
    正确翻译：'所 有 人 都 相 信 他 ，'
    正确翻译：'所 有 人 都 相 信 他 ，'
    正确翻译：'所 有 人 都 相 信 他 ，'
    正确翻译：'所 有 人 都 相 信 他"
人 皆 信 之 ， 是 舍 箪 食 豆 羹 之 义 也 。,'人 们 都 相 信 他 ， 是 因 为 他 把 箱 托 着 粮 食 、 废 水 扫 扫 的 工 具 ， 这 就 是 他 所 药 的 意 义 了 。'
是 舍 箪 食 豆 羹 之 义 也 。,"'这 就 象 是 舍 弃 箪 具 和 吃 豆 甘 是 他 们 所 谓 的 正 义 。'
    正确翻译说明：
    正确翻译表述了文言文句子所要传达的含义。正确翻"
人 莫 大 焉 亡 亲 戚 、,"'人 莫 大 规 划 就 会 亲 近 戚 亲 、'
    正确翻译：'人 莫 大 规 划 就 会 减 少 亲 戚 关 系 、'
    正确翻译：'人 莫 大 ��"
人 莫 大 焉 亡 亲 戚 、 君 臣 、,"'人 莫 大 规 划 就 会 亲 近 亲 戚 、 君 臣 、'
    正确翻译说明：
    正确翻译是：'人 莫 大 规 划 就 会 亲 近 亲 ��"
人 莫 大 焉 亡 亲 戚 、 君 臣 、 上 下 。,"'人 莫 大 规 划 就 会 亲 戚 、 君 臣 、 上 下 。'
    正确翻译说明：
    正确翻译解释：
    正确翻译是：'人 莫 大 规"
君 臣 、,"'君 臣 、'
    正确翻译：'君 臣 、'
    正确翻译：'君 臣 、'
    正确翻译：'君 臣 、'
    正确翻译：'君 臣 、'
    正确翻译：'君 臣 、'
    正确翻译：'君 臣 、'"
君 臣 、 上 下 。,"'君 臣 、 上 下 一 样 。'
    正确翻译：'君 臣 、 正 如 上 下 一 样 。'
    正确翻译：'君 臣 、 正 如 上 下 一 样 。'
    正确翻译：'君 臣 、 正 如 上 下 一 样 。'"
上 下 。,"'上 下 。'

正确翻译：'上 下 。'

正确翻译：'上 下 。'


正确翻译：'上 下 。'

正确翻译：'上 下 。'


正确翻译：'上"
以 其 小 者 信 其 大 者 ，,"'以 其 小 部 分 信 誓 着 其 大 部 分 ，'
    正确翻译：
    正确翻译：'以 其 小 部 分 为 证 证 ， 以 其 大 部 分 为 证 证 ，'
    正确翻译：'以 其 小 部 分"
以 其 小 者 信 其 大 者 ， 奚 可 哉 ？,"'凭 仗 着 他 们 小 的 ， 还 是 能 够 做 他 们 大 的 吗 ？'
    正确翻译的说明：
    正确翻译的原因：
    文言文句子的意思是：'凭 仗 着 他"
奚 可 哉 ？,"'为 何 能 够 做 这 么 大 了 呢 ？'
    正确翻译说明：
    正确翻译是：
    正确翻译：
    
    正确翻译是：
    正确翻译：
    正确翻译：
    正确翻译：
    正确翻译："
桃 应 问 曰 ：,"'桃 应 问 道 ：'
    正确翻译：'桃 应 问 ：'
    正确翻译：'桃 应 问 ：'
    正确翻译：'桃 应 问 ：'
    正确翻译：'桃 应 问 ：'
    正确翻译：'桃 应 问 ：'"
桃 应 问 曰 ： 舜 为 天 子 ，,"'桃 应 问 道 ： 舜 就 是 天 子 ，'

    正确翻译是：
    正确翻译：'桃 应 问 ： 舜 就 是 天 子 ，'
    正确翻译是：'桃 应 问 ： 舜 就 是 天 子"
桃 应 问 曰 ： 舜 为 天 子 ， 皋 陶 为 士 ，,"'桃 应 问 道 ： 舜 是 天 子 ， 皋 陶 是 士 人 ，'
    正确翻译：'桃 应 问 ： 舜 是 天 子 ， 皋 陶 是 士 兵 ，'
    正确��"
舜 为 天 子 ，,"'舜 是 天 子 ，'
    正确翻译：'舜 是 天 子 ，'
    正确翻译：'舜 是 天 子 ，'
    正确翻译：'舜 是 天 子 ，'
    正确翻译：'舜 是 天 子 ，'
    正确翻译：'舜"
舜 为 天 子 ， 皋 陶 为 士 ，,"'舜 是 天 子 ， 皋 陶 是 士  class ，'
    正确翻译：'舜 是 天 子 ， 皋 陶 是 士 兵 ，'
    正确翻译：'舜 是 天 子 ， 皋 陶 是 士 兵 ，'"
舜 为 天 子 ， 皋 陶 为 士 ， 瞽 瞍 杀 人 ，,"'舜 是 天 子 ， 皋 陶 是 士  class ， 瞽 瞍 杀 人 ，'
    正确翻译：'舜 是 天 子 ， 皋 陶 是 士 人 ， 瞽 瞍 ��"
皋 陶 为 士 ，,"'皋 陶 是 一 个 士  class=all ，'
    正确翻译：'皋 陶 是 一 个 士 阶 级 的 ，'
    正确翻译：'皋 陶 是 一 个 士 人 的 ，'
    正确翻译：'皋 陶 是 一 个"
皋 陶 为 士 ， 瞽 瞍 杀 人 ，,"'皋 陶 是 士  class 别 人 ， 瞽 瞍 杀 人 ，'
    正确翻译：'皋 陶 是 一 个 士  class 的 人 ， 瞽 瞍 杀 人 ，'
    正确翻译：'皋"
皋 陶 为 士 ， 瞽 瞍 杀 人 ， 则 如 之 何 ？,"'皋 陶 是 士 人 ， 瞽 瞍 杀 人 ， 这 就 好 吧 呢 ？'
    正确翻译的说明：
    正确翻译的原因：
    文言文句子中的'皋 陶"
瞽 瞍 杀 人 ，,"'杀 害 瞽 瞍 的 人 ，'
    正确翻译：'杀 害 瞽 瞍 的 人 ，'
    正确翻译：'杀 害 瞽 瞍 的 人 ，'
    正确翻译：'杀 害 瞽 瞍 的"
瞽 瞍 杀 人 ， 则 如 之 何 ？,"'杀 害 瞽 瞍 的 人 ， 那 倒 是 哪 怕 ？'
    正确翻译的说明：
    正确翻译的原因：
    文言文句子中的'瞼 瞍 瞽 的 人 ，' 指 的 是 瞇 �"
则 如 之 何 ？,"'那 倒 象 它 们 该 怎 么 办 ？'
    正确翻译说明：
    正确翻译表明：
    正确翻译：
    
    正确翻译是 正确 的 因 为：
    正确翻译是 不 正确 的 因 为：

- [Response]: 正确翻译"
孟 子 曰 ：,"'孟 子 说 ：'
    正确翻译：'孟 子 说 ：'

    正确翻译是：
    正确翻译：'孟 子 说 ：'
    正确翻译：'孟 子 说 ：'
    正确翻译：'孟 子 说 ：'
    正确翻译：'�"
孟 子 曰 ： 执 之 而 已 矣 。,"'孟 子 说 ： 执 行 他 們 的 政 理 就 好 了 了 。'
    正确翻译的原因：'执 行 他 們 的 政 理 就 好 了 了 ，' 表 明 孟 子 坚 持 政 理 的 正 确"
执 之 而 已 矣 。,"'他 执 行 了 却 还 没 有 结 果 。'
    正确翻译理由：
    正确翻译理由：'执 行 这 条 政 理 却 没 有 产 生 所 谓 的 结 果 ，'
    正确翻译：'执 行 这 条 政 理"
然 则 舜 不 禁 与 ？,"'那 么 舜 不 禁 与 哪 一 个 ？'
    正确翻译说明：
    正确翻译是：
    正确翻译：
    正确翻译是：
    正确翻译：
    正确翻译是：
    正确翻译是：
    正确�����"
曰 ：,"'孟 子 说 ：'
    正确翻译：'孟 子 说 ：'

    正确翻译是因为：
    正确翻译：'孟 子 说 ：'
    原文：'曰 ：'
    正确翻译：'孟 子 说 ：'
    正确翻译理由：'曰 ：' 这 个 ��"
曰 ： 夫 舜 恶 得 而 禁 之 ？,"'孟 子 说 ： 舜 恶 善 得 比 错 了 别 人 别 国 别 人 杀 他 吧 ？'
    正确翻译的说明：
    正确翻译的原因：
    文言文句子中的'舜' 代表"
夫 舜 恶 得 而 禁 之 ？,"'舜 是 舜 舜 的 ， 怎 么 能 够 停 止 他 呢 ？'
    正确翻译的说明：
    正确翻译的原因：
    文言文句子的文言文翻译：
    正确翻译的原因：
    正确����"
夫 有 所 受 之 也 。,"'有 时 能 够 受 他 们 的 教 育 ， 有 时 不 能 够 受 他 们 教 育 ， 这 就 是 他 们 教 育 的 效 果 。'
    正确翻译说明：
    正确翻译解释：
    正确翻译表述：
    正"
然 则 舜 如 之 何 ？,"'那 么 舜 好 象 你 们 呢 ？'
    正确翻译说明：
    正确翻译是：
    正确翻译表述了文言文句子的含义。
    正确翻译：
    正确翻译表述了文言文句子的含义。
    正确��"
曰 ：,"'孟 子 说 ：'
    正确翻译：'孟 子 说 ：'

    正确翻译是因为：
    正确翻译：'孟 子 说 ：'
    原文：'曰 ：'
    正确翻译：'孟 子 说 ：'
    正确翻译理由：'曰 ：' 这 个 ��"
曰 ： 舜 视 弃 天 下 ，,"'孟 子 说 ： 舜 看 待 天 下 有 如 看 待 自 己 ，'
    正确翻译说明：
    正确翻译：
    正确翻译：'孟 子 说 ： 舜 看 待 天 下 就 好 象 看 待"
曰 ： 舜 视 弃 天 下 ， 窃 负 而 逃 ，,"'孟 子 说 ： 舜 看 待 天 下 有 如 看 待 猴 子 ， 窃 匈 匈 而 逃 ，'
    正确翻译的说明：
    正确翻译的意思是：'孟 子"
舜 视 弃 天 下 ，,"'舜 看 待 天 下 有 如 看 待 猛 兽 ，'
    正确翻译：'舜 看 待 天 下 就 象 看 待 猛 兽 一 样 ，'
    正确翻译：'舜 看 待 天 下 就 象 看 待"
舜 视 弃 天 下 ， 窃 负 而 逃 ，,"'舜 看 待 天 下 有 如 看 待 是 垃 圾 ， 窃 匈 而 逃 ，'
    正确翻译意思：
    正确翻译意思：'舜 看 待 天 下 是 垃 圾 ，"
舜 视 弃 天 下 ， 窃 负 而 逃 ， 遵 海 滨 而 处 ，,"'舜 看 待 天 下 有 如 看 待 海 边 滨 水 ， 窃 匈 匈 地 损 害 他 人 ，'
    正确翻译的说明：
    正确翻译"
窃 负 而 逃 ，,"'偷 偷 爱 民 而 逃 荒 ，'
    正确翻译：'偷 偷 爱 国 而 逃 荒 ，'
    正确翻译：'偷 偷 爱 国 而 逃 荒 ，'
    正确翻译：'偷 ��"
窃 负 而 逃 ， 遵 海 滨 而 处 ，,"'偷 偷 爱 民 而 逃 荒 ， 崇 尚 崩 坏 的 国 家 征 伐 海 边 ，'
    正确翻译说明：
    正确翻译解释：
    正确翻译表达了文"
窃 负 而 逃 ， 遵 海 滨 而 处 ， 终 身  然 ，,"'偷 偷 爱 民 而 逃 荒 ， 崇 尚 崩 坤 而 居 住 海 边 ， 最 后 只 能 停 在 这 里 ，'
    正确翻译意思：'"
遵 海 滨 而 处 ，,"'住 住 在 海 边 ，'
    正确翻译：'住 住 在 海 边 ，'
    正确翻译：'住 住 在 海 边 ，'
    正确翻译：'住 住 在 海 边 ，'
    正确翻译：'住 住"
遵 海 滨 而 处 ， 终 身  然 ，,"'仔 细 地 遵 守 海 边 墨 顶 而 住 下 ， 终 究 是 干 渴 啊 ，'
    正确翻译说明：
    正确翻译解释：
    正确翻译表达了文言文��"
遵 海 滨 而 处 ， 终 身  然 ， 乐 而 忘 天 下 。,"'仔 细 地 垂 下 于 海 边 ， 终 身 快 乐 地 忘 了 天 下 ，'

    正确翻译是：
    正确翻译：'仔 细 地 住 下 在"
终 身  然 ，,"'终 生 好 象 ，'
    正确翻译：'终 生 好 象 ，'
    正确翻译：'终 生 好 象 ，'
    正确翻译：'终 生 好 象 ，'
    正确翻译：'终 生 好 象 ，'
    正确翻译：'��"
终 身  然 ， 乐 而 忘 天 下 。,"'终 极 喜 欢 它 ， 快 乐 而 忘 了 天 下 。'
    正确翻译理由：
    正确翻译理由：'终 极 喜 欢 它 ， 这 是 一 种 强 烈 的 情 �"
乐 而 忘 天 下 。,"'快 乐 而 忘 不 关 照 天 下 。'
    正确翻译：'快 乐 而 忘 了 天 下 的 重 要 。'
    正确翻译：'快 乐 而 忘 了 天 下 的 重 要 。'
    正确翻译：'快 乐 而"
孟 子 自 范 之 齐 ，,"'孟 子 自 治 齐 国 ，'
    正确翻译：'孟 子 自 治 齐 国 ，'
    正确翻译：'孟 子 自 治 齐 国 ，'
    正确翻译：'孟 子 自 治 齐 国 ，'
    正确����"
孟 子 自 范 之 齐 ， 望 见 齐 王 之 子 。,"'孟 子 自 治 齐 国 ， 看 待 齐 王 子 。'
    正确翻译的原因：'自 治 齐 国 的' 表示 '孟 子 在 齐 国 执 行 自 主 政 理 的 时 候"
望 见 齐 王 之 子 。,"'看 待 齐 王 子 ，'
    正确翻译：'看 待 齐 王 子 ，'
    正确翻译：'看 待 齐 王 子 ，'
    正确翻译：'看 待 齐 王 子 ，'
    正确翻译：'看 待"
喟 然 叹 曰 ：,"'喟 叹 道 ：'
    正确翻译：'喟 叹 道 ：'

    正确翻译是什么原因：
    原因：
    文言文句子中的'喟 然 叹 曰 ：'表达了一种强烈的感叹，这种表达方式在现代汉语中通"
喟 然 叹 曰 ： 居 移 气 ，,"'听 声 声 叹 号 叫 ： 居 住 在 不 同 地 区 ，'
    正确翻译：
    正确翻译：'听 声 声 叹 惠 惠 道 ： 居 住 在 不 同 地 区 ，"
喟 然 叹 曰 ： 居 移 气 ， 养 移 体 ，,'听 善 人 曾 问 道 ： 居 住 在 不 同 地 区 的 人 又 能 够 改 变 自 己 的 气 质 ， 养 尊 卑 的 人 能 够 改 变 自
居 移 气 ，,"'居 住 在 不 同 地 方 的 人 們 会 受 不 利 益 的 气 候 变 化 ，'
    正确翻译说明：
    正确翻译解释：
    正确翻译表述：
    正确翻译原文：
    正确翻译含糊："
居 移 气 ， 养 移 体 ，,"'居 住 在 不 同 地 方 的 人 們 会 改 变 自 己 的 气 质 ， 饮 食 和 锻 炼 的 方 式 也 会 改 变 自 己 的 体 质 ，'

    正确翻译理由：
    正确����"
居 移 气 ， 养 移 体 ， 大 哉 居 乎 ！,"'劝 倦 挟 挟 ， 养 护 身 体 ， 很 重 要 啊 ！'
    正确翻译理由：
    正确翻译理由：'文言 文 言 具 有 特 别 的 意 思 ，'"
养 移 体 ，,"'养 尊 卑 的 心 腑 ，'
    正确翻译：'养 尊 卑 的 心 脏 ，'
    正确翻译：'养 尊 卑 的 心 脏 ，'
    正确翻译：'养 尊 卑 的 心 脏 ，'"
养 移 体 ， 大 哉 居 乎 ！,"'养 育 人 的 工 作 ， 很 大 啊 ， 居 住 在 这 里 ！'
    正确翻译理由：
    正确翻译理由：'养 育 人 的 工 作 是 很 重 要 的 ， 正 是 我 们 居 住 在"
大 哉 居 乎 ！,"'居 住 在 这 里 啊 ！'
    正确翻译理由：
    正确翻译理由：'这 里 居 住 的 人 很 大 吧 ！'
    正确翻译理由：'这 里 居 住 的 人 很 大 一 样 啊 ！'
    正确翻"
夫 非 尽 人 之 子 与 ？,"'这 是 不 满 充 的 人 的 孩 子 吗 ？'
    正确翻译说明：
    正确翻译是：'这 是 不 是 完 全 的 人 的 孩 子 吗 ？'
    正确翻译解释：
    正确翻译表述的"
孟 子 曰 ：,"'孟 子 说 ：'
    正确翻译：'孟 子 说 ：'

    正确翻译是：
    正确翻译：'孟 子 说 ：'
    正确翻译：'孟 子 说 ：'
    正确翻译：'孟 子 说 ：'
    正确翻译：'�"
孟 子 曰 ： 王 子 宫 室 、,"'孟 子 说 ： 王 子 所 住 的 宫 殿 、'

    正确翻译是：
    正确翻译：'孟 子 说 ： 王 子 所 住 的 居 住 所 害 的 宫 殿 、'
    说 明 解"
孟 子 曰 ： 王 子 宫 室 、 车 马 、,"'孟 子 说 ： 王 子 所 住 的 宫 殿 、 车 马 、'

    正确翻译是：
    正确翻译：'孟 子 说 ： 王 子 所 住 的 宫 殿 、 车 马"
王 子 宫 室 、,"'王 子 居 住 在 宫 殿 、'
    正确翻译：'王 子 居 住 在 宫 殿 中 ，'
    正确翻译：'王 子 居 住 在 宫 殿 的 内 部 ，'
    正确翻译：'王 子 居 住 在"
王 子 宫 室 、 车 马 、,"'王 子 所 住 的 宫 殿 、 所 乘 的 车 马 、'
    正确翻译：'王 子 所 住 的 宫 殿 、 所 乘 的 车 马 、'
    正确翻译：'王 子 所 住 的 ��"
王 子 宫 室 、 车 马 、 衣 服 多 与 人 同 ，,"'王 子 居 住 在 宫 殿 、 驱 车 、 穿 衣 服 多 各 种 人 的 同 样 ，'
    正确翻译意思：
    正确翻译意思：'王 子 居 住 在"
车 马 、,"'车 马 、'
    正确翻译：'车 马 、'
    正确翻译：'车 马 、'
    正确翻译：'车 马 、'
    正确翻译：'车 马 、'
    正确翻译：'车 马 、'
    正确翻译：'车 马 、'"
车 马 、 衣 服 多 与 人 同 ，,"'车 马 、 衣 服 多 的 人 很 多 ，'
    正确翻译：'车 马 、 衣 服 的 人 很 多 ，'
    正确翻译：'车 马 、 衣 服 的 人 很 多 ，'
    正确����"
车 马 、 衣 服 多 与 人 同 ， 而 王 子 若 彼 者 ，,"'车 马 、 衣 服 多 的 人 很 喜 欢 彼 们 一 起 出 去 ， 而 王 子 却 象 那 样 ，'
    正确翻译的说明：
    正确翻译的意思是：'��"
衣 服 多 与 人 同 ，,"'衣 服 多 征 来 到 底 下 ，'
    正确翻译：'衣 服 的 丰 多 征 侵 到 了 最 基 本 ，'
    正确翻译：'衣 服 的 丰 多 征 侵 着 人 民 的 最 基 本"
衣 服 多 与 人 同 ， 而 王 子 若 彼 者 ，,"'衣 服 多 征 来 到 庶 民 ， 而 王 子 却 象 那 样 ，'
    正确翻译说明：
    正确翻译：'衣 服 多 征 来 到 庶 民 ， 而 王 子 却 不 会"
衣 服 多 与 人 同 ， 而 王 子 若 彼 者 ， 其 居 使 之 然 也 ；,"'衣 服 多 征 往 着 人 ， 而 王 子 却 象 那 样 ， 他 居 住 在 那 里 就 好 象 那 种 人 。'
    正确翻译的原因：
    正确��"
而 王 子 若 彼 者 ，,"'而 王 子 却 象 那 样 ，'
    正确翻译：'而 王 子 却 象 那 种 不 愈 不 愈 的 态 度 ，'
    正确翻译：'而 王 子 却 表 现 为 那 种 不 愈 不 愈 的 态 度 ，'"
而 王 子 若 彼 者 ， 其 居 使 之 然 也 ；,"'而 王 子 却 象 那 样 ， 他 居 住 在 那 里 就 好 象 使 他 变 得 好 勇 勿 退 。'
</syntaxhighlight>

== 文言文 ==
=== 文言文句子 ===
'''现代汉语翻译'''

''' 文言文"
其 居 使 之 然 也 ；,"'他 居 住 在 那 里 就 好 象 是 使 他 成 为 这 样 的 人 ；'
    正确翻译说明：
    正确翻译解释：
    正确翻译表述：
    正确翻译意思：

- Response: 正确翻译：'他 居 住 在"
况 居 天 下 之 广 居 者 乎 ？,"'宜 居 于 天 下 的 大 环 境 各 种 各 样 的 人 啊 ，'
    正确翻译：'宜 居 于 天 下 的 各 种 不 同 类 型 的 人 啊 ，'
    正确翻译：'宜"
鲁 君 之 宋 ，,"'鲁 国 到 宋 国 ，'
    正确翻译：
    正确翻译：'鲁 国 到 宋 国 ，'
    正确翻译：'鲁 国 入 宋 国 ，'
    正确翻译：'鲁 国 进 到 宋 国 ，'
    正确�����"
鲁 君 之 宋 ， 呼 于 垤 泽 之 门 。,"'鲁 国 到 垤 泽 ， 宋 国 宋 君 叫 它 徜 徉 。'
    正确翻译的说明：
    正确翻译的原因：
    文言文句子中的'宋 国 宋 君 ��"
呼 于 垤 泽 之 门 。,"'准 备 挟 着 爱 国 的 垤 泽 门 。'
    正确翻译说明：
    正确翻译是：'准 备 挟 住 垤 泽 门 ，' 这 个 翻译 正 确 地 表 达 了 文"
守 者 曰 ：,"'守 门 人 说 ：'
    正确翻译：

    正确翻译是：
    正确翻译：'守 门 人 说 ：'
    正确翻译：'门 礼 人 说 ：'
    正确翻译：'门 礼 人 说 ：'
    正确翻译：'门 礼 人 说"
守 者 曰 ： 此 非 吾 君 也 ，,"'守 门 人 说 ： 这 并 不 是 我 们 的 国 君 ，'
    正确翻译：
    正确翻译：'防 卫 人 说 ： 这 不 是 我 们 的 国 家 主 导 人 ，'
    正确翻译：'防 卫 人"
守 者 曰 ： 此 非 吾 君 也 ， 何 其 声 之 似 我 君 也 ？,"'守 门 人 说 ： 这 并 不 是 我 们 的 国 君 ， 为 什 么 这 声 声 借 他 做 我 们 国 君 的 呢 ？'
    正确翻译的原因："
此 非 吾 君 也 ，,"'这 并 不 是 我 们 的 国 家 ，'
    正确翻译：'这 并 不 是 我 们 的 国 家 ，'
    正确翻译：'这 并 不 是 我 们 的 国 家 ，'
    正确翻译：'这 并 不 是 我 们 的 国 家 ，'
    正确��"
此 非 吾 君 也 ， 何 其 声 之 似 我 君 也 ？,"'这 并 不 是 我 们 的 国 家 ， 为 什 么 这 种 声 音 能 象 我 们 国 家 一 样 呢 ？'
    正确翻译理由：
    正确翻译理由：'文 言 文 言 是 把"
何 其 声 之 似 我 君 也 ？,"'这 么 声 耳 惊 人 好 吗 ？ 它 就 象 我 国 君 子 一 样 声 耳 。'
    正确翻译的说明：
    正确翻译的原因：
    文言文句子中的'声 耳 惊 人 好 ��"
此 无 他 ，,"'这 是 一 种 独 一 性 的 行 为 ，'
    正确翻译：'这 是 一 种 独 孕 独 生 的 行 为 ，'
    正确翻译：'这 是 一 种 独 孕 独 生 的 行 为 ，'
    正确翻译：'这 是 一 种"
此 无 他 ， 居 相 似 也 。,"'这 是 他 们 所 不 知 道 的 ， 正 是 他 们 应 该 做 的 。'
    正确翻译：'这 是 他 们 不 应 该 做 的 ， 正 是 他 们 应 该 做 的 。'
    正确翻译：'这 是 他 们 不"
居 相 似 也 。,"'就 象 是 居 住 在 相 同 的 地 方 。'
    正确翻译：'就 象 是 居 住 在 相 同 的 地 区 。'
    正确翻译：'就 象 是 居 住 在 相 同 的 地 区 。'
    正确翻译：'就 象 是 居 ��"
孟 子 曰 ：,"'孟 子 说 ：'
    正确翻译：'孟 子 说 ：'

    正确翻译是：
    正确翻译：'孟 子 说 ：'
    正确翻译：'孟 子 说 ：'
    正确翻译：'孟 子 说 ：'
    正确翻译：'�"
孟 子 曰 ： 食 而 弗 爱 ，,"'孟 子 说 ： 吃 吃 没 有 爱 ，'
    正确翻译：'孟 子 说 ： 吃 过 很 多 东 西 ， 但 没 有 爱 ，'
    正确翻译：'孟 子 说 ： 吃 过"
孟 子 曰 ： 食 而 弗 爱 ， 豕 交 之 也 ；,"'孟 子 说 ： 做 献 爱 而 不 养 饮 ， 就 象 交 猴 子 一 样 ；'
    正确翻译的是：
    正确翻译：'孟 子 说 ： 如 果 不 养"
食 而 弗 爱 ，,"'却 不 吃 爱 ，'
    正确翻译：'却 不 吃 饭 ，'
    正确翻译：'却 不 吃 东 西 ，'
    正确翻译：'却 不 吃 东 西 ，'
    正确翻译：'却 不 吃"
食 而 弗 爱 ， 豕 交 之 也 ；,"'却 不 吃 着 吃 猪 肉 ， 这 就 象 是 交 淑 他 们 吧 ；'
    正确翻译说明：
    正确翻译解释：
    正确翻译表达了文言文句子的含义。
    正确"
豕 交 之 也 ；,'就 象 是 借 猪 子 的 借 物 一 样 ；'
爱 而 不 敬 ，,"'爱 惜 不 敬 ，'
    正确翻译：'爱 惜 不 恭 敬 ，'
    正确翻译：'爱 惜 不 恭 敬 ，'
    正确翻译：'爱 惜 不 恭 敬 ，'
    正确翻译"
爱 而 不 敬 ， 兽 畜 之 也 。,"'爱 惜 却 不 敬 恭 ， 就 象 是 兽 畜 一 样 。'
    正确翻译的说明：
    正确翻译的原因：
    文言文句子中的'爱 而 不 敬 ，' 表示的是'不 ��"
兽 畜 之 也 。,"'就 象 养 禽 兽 一 样 。'
    正确翻译说明：
    正确翻译解释：
    正确翻译的原因：
    正确翻译中有什 么错误：

    请将以下文言文句子翻译为现代汉语：
    文言文句子："
恭 敬 者 ，,"'恭 敬 的 人 ，'
    正确翻译：'恭 敬 的 人 ，'
    正确翻译：'宜 恭 敬 的 人 ，'
    正确翻译：'宜 恭 敬 悦 的 人 ，'
    正确翻译：'宜 恭"
恭 敬 者 ， 币 之 未 将 者 也 。,"'恭 敬 的 人 ， 没 有 准 时 送 礼 物 的 人 。'
    正确翻译理由：
    正确翻译理由：'恭 敬 的 人 是 没 有 准 时 送 礼 物 的 人 ，'
    正确�"
币 之 未 将 者 也 。,"'没 有 别 国 的 钞 硬 货 ，'

正确����"
恭 敬 而 无 实 ，,"'恭 敬 不 礼 宜 ，'
    正确翻译：'不 礼 宜 地 恭 敬 他 ，'
    正确翻译：'不 礼 宜 地 恭 敬 老 百 姓 ，'
    正确翻译：'不 礼 宜"
恭 敬 而 无 实 ， 君 子 不 可 虚 拘 。,"'恭 敬 不 足 而 忘 了 实 质 ， 君 子 不 能 做 为 假 象 的 虚 幢 。'
</syntaxhighlight>

== 文言文 ==
文言文是汉语文言文，是汉语文言文文言文文言文文言文文言文"
君 子 不 可 虚 拘 。,"'君 子 不 能 虚 假 地 拘 着 。'
    正确翻译：'君 子 不 能 假 象 别 人 拘 着 他 ，'
    正确翻译：'不 能 假 象 别 人 拘 着 他 ，'
    正确��"
孟 子 曰 ：,"'孟 子 说 ：'
    正确翻译：'孟 子 说 ：'

    正确翻译是：
    正确翻译：'孟 子 说 ：'
    正确翻译：'孟 子 说 ：'
    正确翻译：'孟 子 说 ：'
    正确翻译：'�"
孟 子 曰 ： 形 色 ，,"'孟 子 说 ： 形 休 、 色 迹 ，'

    正确翻译是：
    正确翻译：'孟 子 说 ： 形 象 宁 静 、 色 象 正 正 的 ，'

    正确翻译是：
    正确翻译：'孟 子"
孟 子 曰 ： 形 色 ， 天 性 也 ；,"'孟 子 说 ： 形 休 、 色 休 ， 是 天 性 的 ；'
    正确翻译：'孟 子 说 ： 人 的 形 势 、 性 别 、 是 天 的 性 质 体 系 ，'
    正确翻译：'��"
形 色 ，,"'外 表 和 服 装 ，'
    正确翻译：'外 表 和 服 装 的 样 贴 ，'
    正确翻译：'外 表 和 服 装 的 样 贴 ，'
    正确翻译：'外 表 和 服 装 的 样 贴 ，'
    正确翻译：'外 表 和 服 装"
形 色 ， 天 性 也 ；,"'形 休 、 色 休 ， 是 天 赋 人 的 ；'
    正确翻译：
    正确翻译：'形 休 、 色 休 、 是 天 赋 人 的 ，'
    正确翻译：'形 休 、 色 休 、 是 天 赋 人 的"
天 性 也 ；,"'是 天 赋 予 的 ；'
    正确翻译：
    正确翻译：'是 天 赋 予 的 ；'
    正确翻译：'是 天 赋 予 的 ；'
    正确翻译：'是 天 赋 予 的 ；'
    正确翻译：'是 天 �"
然 后 可 以 践 形 。,"'这 就 可 以 做 体 贴 的 。'
    正确翻译：'这 就 可 以 作 为 体 贴 。'
    正确翻译：'这 就 可 以 用 来 践 整 体 。'
    正确翻译：'这 就 可 以 用 来 践 ��"
齐 宣 王 欲 短 丧 。,"'齐 国 宣 王 想 要 短 整 丧 服 又 。'
    正确翻译：'齐 国 宣 王 想 要 短 整 整 衣 服 ，'
    正确翻译：'齐 国 宣 王 想 要"
公 孙 丑 曰 ：,"'公 孙 丑 说 ：'
    正确翻译：'公 孙 丑 说 ：'

    正确翻译是：
    正确翻译：'公 孙 丑 说 ：'
    正确翻译：'公 孙 丑 说 ：'
    正确翻译：'公 �"
公 孙 丑 曰 ： 为 期 之 丧 ，,"'公 孙 丑 说 ： 要 是 是 期 限 之 前 丧 执 行 ，'
    正确翻译：
    正确翻译：'公 孙 丑 说 ： 要 是 是 按 照 期 限 而 丧 执 行 ，'"
公 孙 丑 曰 ： 为 期 之 丧 ， 犹 愈 于 已 乎 ？,"'公 孙 丑 说 ： 是 有 期 的 丧 人 ， 就 象 是 要 折 板 一 样 ， 怎 么 好 呢 ？'
</syntaxhighlight>

== 文言文 ==
文言文是汉语文言文，"
为 期 之 丧 ，,"'为 期 丧 执 行 ，'
    正确翻译：'按 即 行 ，'
    正确翻译：'按 即 行 ，'
    正确翻译：'按 即 行 ，'
    正确翻译：'按 即 行 ，'
    正确翻译：'按 即 行"
为 期 之 丧 ， 犹 愈 于 已 乎 ？,"'为 期 丧 执 行 ， 您 怎 样 比 不 服 丧 别 啊 ？'
    正确翻译的说明：
    正确翻译的原因：
    文言文句子的文言文翻译意思是：'为 期 丧"
犹 愈 于 已 乎 ？,"'您 好 得 愈 好 吗 ？'
    正确翻译说明：
    正确翻译是：'您 好 得 愈 好 吗 ？' 正确翻译表明了文言 文 句 中 的 意 思 是 询 问 您 是 否 的 好 劲"
孟 子 曰 ：,"'孟 子 说 ：'
    正确翻译：'孟 子 说 ：'

    正确翻译是：
    正确翻译：'孟 子 说 ：'
    正确翻译：'孟 子 说 ：'
    正确翻译：'孟 子 说 ：'
    正确翻译：'�"
孟 子 曰 ： 是 犹 或 紾 其 兄 之 臂 ，,"'孟 子 说 ： 就 好 象 是 几 个 狂 人 损 伤 自 己 的 胳 膊 ，'

    正确翻译是：
    正确翻译：'孟 子 说 ： 好 象 是 �"
孟 子 曰 ： 是 犹 或 紾 其 兄 之 臂 ， 子 谓 之 姑 徐 徐 云 尔 ，,'孟 子 说 ： 就 象 是 准 备 折 ��ppen 他 哥 哥 的 胳 膊 ， 老 师 说 ： 徐 徐
是 犹 或 紾 其 兄 之 臂 ，,"'就 好 象 是 把 他 兄 子 扭 扇 他 胳 膊 ，'
    正确翻译说明：
    正确翻译：
    正确翻译：

    正确翻译是：
    正确翻译是：
    正确翻译"
是 犹 或 紾 其 兄 之 臂 ， 子 谓 之 姑 徐 徐 云 尔 ，,'这 就 好 象 是 把 他 兄 子 扭 丧 一 侧 的 臭 臭 肉 毁 他 哥 哥 ， 老 百 姓 总 是 总
是 犹 或 紾 其 兄 之 臂 ， 子 谓 之 姑 徐 徐 云 尔 ， 亦 教 之 孝 弟 而 已 矣 。,'这 就 好 象 是 把 他 兄 弟 一 起 扭 丝 糸 背 扫 ， 老 百 姓 ��
子 谓 之 姑 徐 徐 云 尔 ，,"'孟 子 说 ： 您 哪 里 徐 徐 慢 走 ，'
    正确翻译说明：
    正确翻译是：'孟 子 说 ： 您 哪 里 慢 慢 走 ，'
    正确翻译表�"
子 谓 之 姑 徐 徐 云 尔 ， 亦 教 之 孝 弟 而 已 矣 。,"'孟 子 说 ： 别 怕 小 姨 妈 徐 徐 问 您 ， 却 是 教 他 们 崇 爱 孝 律 而 已 了 。'
    正确����"
亦 教 之 孝 弟 而 已 矣 。,"'又 教 他 崇 爱 孝 子 而 已 了 。'
    正确翻译：'又 是 教 他 崇 爱 孝 顺 他 而 已 了 。'
    正确翻译：'又 是 教 他 崇 爱 孝 顺 他"
王 子 有 其 母 死 者 ，,"'王 子 却 不 会 去 干 杯 ，'

    正确翻译理由：
    正确翻译理由：'王 子 却 不 会 去 干 杯 ，' 正确翻译 文言 文 句 意 思 是 ：'王 子 不 会 去 干 杯"
王 子 有 其 母 死 者 ， 其 傅 为 之 请 数 月 之 丧 。,"'王 子 受 禁 死 了 ， 他 的 宫 廷 人 宁 可 请 求 几 个 月 的 哪 个 人 。'
    正确翻译的原因：
    原文中的'傅 为 之 请 数 月"
其 傅 为 之 请 数 月 之 丧 。,"'他 的 老 师 要 求 他 准 备 一 年 的 时 间 。'
    正确翻译理由：'他 的 老 师 要 求 他 准 备 一 年 的 时 间 。'
    正确翻译：'他 的 老 师 要 求"
公 孙 丑 曰 ：,"'公 孙 丑 说 ：'
    正确翻译：'公 孙 丑 说 ：'

    正确翻译是：
    正确翻译：'公 孙 丑 说 ：'
    正确翻译：'公 孙 丑 说 ：'
    正确翻译：'公 �"
公 孙 丑 曰 ： 何 如 也 ？,"'公 孙 丑 说 ： 这 是 怎 样 办 呢 ？'
    正确翻译理由：
    正确翻译理由：'公 孙 丑 在 文 言 文 言 的 上 面 说 ： 这 是 怎 样 办 呢 ？'"
何 如 也 ？,"'这 是 怎 样 办 才 呢 ？'
    正确翻译理由：
    文言文句子 '何 如 也 ？' 表达的意思是 '这 个 问 题 怎 么 办 才 呢 ？' 正确翻译 '这 个 问 题 怎 么 办 才 呢 ？' 是 正"
曰 ：,"'孟 子 说 ：'
    正确翻译：'孟 子 说 ：'

    正确翻译是因为：
    正确翻译：'孟 子 说 ：'
    原文：'曰 ：'
    正确翻译：'孟 子 说 ：'
    正确翻译理由：'曰 ：' 这 个 ��"
曰 ： 是 欲 终 之 而 不 可 得 也 。,"'孟 子 说 ： 他 们 恨 不 能 终 止 吧 ，'
    正确翻译：'孟 子 说 ： 他 们 恨 不 能 终 杀 他 们 们 ，'
    正确翻译：'孟 子 说 ："
是 欲 终 之 而 不 可 得 也 。,"'这 是 因 为 想 象 是 要 归 国 而 不 能 实 现 的 。'
    正确翻译说明：
    正确翻译是：
    正确翻译表述了文言文句子所描绘的意思。
    正确翻译中的'终 结"
