content,translation,modern_translation
王 立 于 沼 上 ，,梁 惠 王 站 在 池 塘 边 上 ，,现 在 的 王 王 站 在 池 ��
王 立 于 沼 上 ， 顾 鸿 雁 麋 鹿 ，,梁 惠 王 站 在 池 塘 边 上 ， 一 面 顾 盼 着 鸿 雁 麋 鹿 ，,现 在 的 王 王 正 在 沼 沟 上 站 ， 顾 盼 望 着 鸿 雁 、
王 立 于 沼 上 ， 顾 鸿 雁 麋 鹿 ， 曰 ：,梁 惠 王 站 在 池 塘 边 上 ， 一 面 顾 盼 着 鸿 雁 麋 鹿 ， 一 面 说 ：,王 王 站 在 池 塘 边 上 ， 顾 盼 盼 着 鸿 雁 麋 鹿 ， 说 ： ，
顾 鸿 雁 麋 鹿 ，,一 面 顾 盼 着 鸿 雁 麋 鹿 ，,我 看 鸿 雁 、 麋 鹿 、 鹿 鹤 、 麋 鹿 等 很 多 珍 禽 异 植 物 ， 我 也 很 高 兴 。
顾 鸿 雁 麋 鹿 ， 曰 ：,一 面 顾 盼 着 鸿 雁 麋 鹿 ， 一 面 说 ：,顾 鸿 雁
顾 鸿 雁 麋 鹿 ， 曰 ： 贤 者 亦 乐 此 乎 ？,一 面 顾 盼 着 鸿 雁 麋 鹿 ， 一 面 说 ： 贤 人 也 以 此 为 乐 吗 ？,担 权 顾 虎 鹿 麋 鹿 ， 说 ： 贤 人 也 会 快 乐 吗 ？
曰 ：,一 面 说 ：,陈 臻 说 ：
曰 ： 贤 者 亦 乐 此 乎 ？,一 面 说 ： 贤 人 也 以 此 为 乐 吗 ？,语 言 文 言 经 者 也 会 喜 爱 这 样 吗 ？
贤 者 亦 乐 此 乎 ？,贤 人 也 以 此 为 乐 吗 ？,您 也 会 快 乐 吗 ？
孟 子 对 曰 ：,孟 子 回 答 说 ：,孟 子 回 答 说 ：
孟 子 对 曰 ： 贤 者 而 后 乐 此 ，,孟 子 回 答 说 ： 正 因 为 是 贤 人 才 能 够 以 次 为 乐 ，,孟 子 回 答 说 ： 贤 人 才 后 才 能 够 快 乐 于 此 ， 这 就 是 不 值 得 待 下 的 呢 。
孟 子 对 曰 ： 贤 者 而 后 乐 此 ， 不 贤 者 虽 有 此 ，,孟 子 回 答 说 ： 正 因 为 是 贤 人 才 能 够 以 次 为 乐 ， 不 贤 的 人 就 算 有 这 些 东 西 ，,孟 子 回 答 说 ： 贤 人 才 后 才 能 够 快 乐 于 此 ， 不 贤 的 人 虽 然 有 这 些 东 西 ，
贤 者 而 后 乐 此 ，,正 因 为 是 贤 人 才 能 够 以 次 为 乐 ，,贤 人 才 能 以 后 才 乐 享 这 个 ， 这 就 是 贤 能 的 人 。
贤 者 而 后 乐 此 ， 不 贤 者 虽 有 此 ，,正 因 为 是 贤 人 才 能 够 以 次 为 乐 ， 不 贤 的 人 就 算 有 这 些 东 西 ，,贤 人 才 后 来 快 乐 地 解 释 这 个 观 念 ， 不 贤 的 人 虽 然 有 这 个 观 念 ， 但 是 不 能 够 解 释 得 理 解
贤 者 而 后 乐 此 ， 不 贤 者 虽 有 此 ， 不 乐 也 。,正 因 为 是 贤 人 才 能 够 以 次 为 乐 ， 不 贤 的 人 就 算 有 这 些 东 西 ， 也 不 能 够 快 乐 的 。,贤 人 才 后 来 快 乐 地 接 住 这 个 事 ， 不 贤 的 人 虽 然 有 这 个 事 ， 也 不 高 兴 。
不 贤 者 虽 有 此 ，,不 贤 的 人 就 算 有 这 些 东 西 ，,不 贤 的 人 虽 然 有 这 些 东 西 ， 但 是 不 会 去 购 买 东 西 。
不 贤 者 虽 有 此 ， 不 乐 也 。,不 贤 的 人 就 算 有 这 些 东 西 ， 也 不 能 够 快 乐 的 。,不 贤 的 人 虽 然 有 这 些 东 西 ， 但 是 不 高 兴 。
不 乐 也 。,也 不 能 够 快 乐 的 。,不 高 兴 的 。
诗 云 ：,《 诗 经 》 说 ：,文 言 文 言 都 说 ：
诗 云 ： 经 始 灵 台 ，,《 诗 经 》 说 ： 开 始 规 划 造 灵 台 ，,《诗 经 》 说 ： 经 始 灵 台 上 面 有 灵 台 ，
诗 云 ： 经 始 灵 台 ， 经 之 营 之 ，,《 诗 经 》 说 ： 开 始 规 划 造 灵 台 ， 仔 细 营 造 巧 安 排 。,《 诗 经 》 说 ： 灵
经 始 灵 台 ，,开 始 规 划 造 灵 台 ，,经 始 灵 台 ，
经 始 灵 台 ， 经 之 营 之 ，,开 始 规 划 造 灵 台 ， 仔 细 营 造 巧 安 排 。,经 始 修 炼 灵 台 ， 经 过 经 际 营 造 的 准 备 ， 。
经 始 灵 台 ， 经 之 营 之 ， 庶 民 攻 之 ，,开 始 规 划 造 灵 台 ， 仔 细 营 造 巧 安 排 。 天 下 百 姓 都 来 干 ，,经 始 灵 台 上 ， 经 过 经 梦 中 经 过 厄 经 各 方 国 家 的 劳 役 ， 万 民 都 侍 候 着 ， 灵 台 上 挞 退 �
经 之 营 之 ，,仔 细 营 造 巧 安 排 。,经 过 经 际 的 营 棨 ， 才 能 统 一 天 下
经 之 营 之 ， 庶 民 攻 之 ，,仔 细 营 造 巧 安 排 。 天 下 百 姓 都 来 干 ，,经 过 很 久 不 动 动 活 活 的 ， 天 下 百 姓 都 来 干 ， ， ， 。
经 之 营 之 ， 庶 民 攻 之 ， 不 日 成 之 。,仔 细 营 造 巧 安 排 。 天 下 百 姓 都 来 干 ， 几 天 建 成 速 度 快 。,经 老 补 宽 ， 百 姓 攻 势 来 努 力 ， 天 性 不 成 全 。
庶 民 攻 之 ，,天 下 百 姓 都 来 干 ，,很 多 人 都 试 忟 来 攻 ， 但 是 孟 子 却 不 去 ， 因 为 他 知 道 谁 也 会 攻 各 。
庶 民 攻 之 ， 不 日 成 之 。,天 下 百 姓 都 来 干 ， 几 天 建 成 速 度 快 。,很 多 人 都 试 试 劲 劲 地 狠 狠 攻 势 ， 却 不 能 够 努 力 得 到 归 来 。
不 日 成 之 。,几 天 建 成 速 度 快 。,参考翻译结果a: 不 如 一 天 成 全 。
经 始 勿 亟 ，,建 台 本 来 不 着 急 ，,经 始 没 有 什 么 几 倍 的 优 势 ，
经 始 勿 亟 ， 庶 民 子 来 。,建 台 本 来 不 着 急 ， 百 姓 起 劲 自 动 来 ，,一 次 没 有 借 老 师 学 习 ， 老 百 姓 都 来 了 。
庶 民 子 来 。,百 姓 起 劲 自 动 来 ，,现 在 庶 民 都 来 。
王 在 灵 囿 ，,国 王 游 览 灵 园 中 ，,王 在 灵 园 里 ，
王 在 灵 囿 ， 麀 鹿 攸 伏 ，,国 王 游 览 灵 园 中 ， 母 鹿 伏 在 深 草 丛 。,王 王 在 灵 园 里 ， 母 鹿 伏 在 山 丘 ， ，
王 在 灵 囿 ， 麀 鹿 攸 伏 ， 麀 鹿 濯 濯 ，,国 王 游 览 灵 园 中 ， 母 鹿 伏 在 深 草 丛 。 母 鹿 肥 大 毛 色 润 ，,现 在 的 王 在 灵 园 中 ， 母 鹿 伏 在 柳 下 ， 母 鹿 洗 干 净 ， 母 鹿 洗 干 净 ，
麀 鹿 攸 伏 ，,母 鹿 伏 在 深 草 丛 。,麂 鹿 伏 在 一 棵 桨 树 上 ， 麀 鹿 惧 惧 惧 地 瞥 见 他 ，
麀 鹿 攸 伏 ， 麀 鹿 濯 濯 ，,母 鹿 伏 在 深 草 丛 。 母 鹿 肥 大 毛 色 润 ，,母 鹿 伏 在 山 丘 ， 母 鹿 洗 奔 迎 着 风 ， 
麀 鹿 攸 伏 ， 麀 鹿 濯 濯 ， 白 鸟 鹤 鹤 。,母 鹿 伏 在 深 草 丛 。 母 鹿 肥 大 毛 色 润 ， 白 鸟 洁 净 羽 毛 丰 。,现 代 汉 语 翻 译结果：母 鹿 正 在 伏 下 ， 母 鹿 洗 干 净 ， 白 鸟 濯 澤 澤 。
麀 鹿 濯 濯 ，,母 鹿 肥 大 毛 色 润 ，,母 鹿 洗 干 净 ，
麀 鹿 濯 濯 ， 白 鸟 鹤 鹤 。,母 鹿 肥 大 毛 色 润 ， 白 鸟 洁 净 羽 毛 丰 。,现 代 汉 语 翻 译结果：母 鹿 洗 干 细 细 ， 白 鸟 洁 净 纯 。
白 鸟 鹤 鹤 。,白 鸟 洁 净 羽 毛 丰 。,语 义 上 是 白 鸟 鹤 鹤 。
王 在 灵 沼 ，,国 王 游 览 到 灵 沼 ，,王 在 灵 沼 上 ，
王 在 灵 沼 ， 于 牣 鱼 跃 。,国 王 游 览 到 灵 沼 ， 满 池 鱼 儿 欢 跳 跃 。,现 在 的 王 在 灵 沼 中 ， 牣 鱼 在 跃 跃 。
于 牣 鱼 跃 。,满 池 鱼 儿 欢 跳 跃 。,语 言 翻 译 结 果 为 ：牣 鱼 在 池 边 跃 跃 。
文 王 以 民 力 为 台 为 沼 。,周 文 王 用 老 百 姓 的 劳 力 来 修 建 高 台 深 池 ，,文 王 用 百 姓 的 劳 力 搭 建 台 ， 用 百 姓 堵 塞 为 池 壑 。
而 民 欢 乐 之 ，,可 是 老 百 姓 非 常 高 兴 ，,然 而 老 百 姓 快 乐 的 ， 国 家 就 会 很 受 感 动 。 ， 这 说 明 是 不 正 确 的 ， 国 家 是 个 人 的 产 物 ， 国 家 是 个 人 所 不 具  competence 的 产 物 ，
而 民 欢 乐 之 ， 谓 其 台 曰 灵 台 ，,可 是 老 百 姓 非 常 高 兴 ， 把 那 个 台 叫 做 灵 台 ，,但 是 老 百 姓 快 乐 的 时 候 ， 叫 做 灵 台 ， 台 阻 宁 宁 的 台 面 ， 这 就 称 为 灵 台 。
而 民 欢 乐 之 ， 谓 其 台 曰 灵 台 ， 谓 其 沼 曰 灵 沼 ，,可 是 老 百 姓 非 常 高 兴 ， 把 那 个 台 叫 做 灵 台 ， 把 那 个 池 叫 做 灵 沼 ，,但 是 老 百 姓 很 高 兴 ， 称 其 水 壑 叫 灵 台 ， 称 其 池 叫 灵 沼 ，
谓 其 台 曰 灵 台 ，,把 那 个 台 叫 做 灵 台 ，,把 那 个 台 叫 灵 台 ， 灵 台 是 指 能 理 解 音 乐 节 拍 的 台 ， 但 是 牺 牲 的 台 也 可 以 称 之 为 灵 台 ，
谓 其 台 曰 灵 台 ， 谓 其 沼 曰 灵 沼 ，,把 那 个 台 叫 做 灵 台 ， 把 那 个 池 叫 做 灵 沼 ，,把 那 个 台 叫 做 灵 台 ， 把 那 个 池 叫 做 灵 沼 ， 又 称 它 们 归 解 于 天 也 ，
谓 其 台 曰 灵 台 ， 谓 其 沼 曰 灵 沼 ， 乐 其 有 麋 鹿 鱼 鳖 。,把 那 个 台 叫 做 灵 台 ， 把 那 个 池 叫 做 灵 沼 ， 以 那 里 面 有 麋 鹿 鱼 鳖 等 珍 禽 异 兽 为 快 乐 。,把 那 个 台 叫 做 灵 台 ， 把 那 个 池 叫 做 灵 沼 ， 享 受 有
谓 其 沼 曰 灵 沼 ，,把 那 个 池 叫 做 灵 沼 ，,把 那 个 池 叫 做 灵 沼 ， 灵 沼 是 个 很 深 刻 的 意 气 很 深 刻 ， 灵 沼 是 个 很 深 刻 的 人 生 态 度 很 深
谓 其 沼 曰 灵 沼 ， 乐 其 有 麋 鹿 鱼 鳖 。,把 那 个 池 叫 做 灵 沼 ， 以 那 里 面 有 麋 鹿 鱼 鳖 等 珍 禽 异 兽 为 快 乐 。,把 那 个 池 称 为 灵 沼 ， 快 乐 于 养 猪 有 麋 鹿 、 鱼 鳖 。
乐 其 有 麋 鹿 鱼 鳖 。,以 那 里 面 有 麋 鹿 鱼 鳖 等 珍 禽 异 兽 为 快 乐 。,语 义 上 也 会 乐  enjoy 有 麋 鹿 、 鱼 鳖 。
古 之 人 与 民 偕 乐 ，,古 代 的 君 王 与 民 同 乐 ，,古 代 的 君 王 与 老 百 姓 相 互 享 乐 ，
古 之 人 与 民 偕 乐 ， 故 能 乐 也 。,古 代 的 君 王 与 民 同 乐 ， 所 以 能 真 正 快 乐 。,古 代 的 君 王 与 老 百 姓 相 互 享 乐 ， 所 以 能 够 快 乐 的 。
故 能 乐 也 。,所 以 能 真 正 快 乐 。,所 以 可 以 快 乐 的 。
汤 誓 曰 ：,《 汤 誓 》 说 ：,汤 诸 诸 侯 宣 布 说 ： ， 我 们 执 着 相 同 的 诚 信 。
汤 誓 曰 ： 时 日 害 丧 ？,《 汤 誓 》 说 ： 你 这 太 阳 啊 ， 什 么 时 候 毁 灭 呢 ？,陈 汤 啃 羊 的 父 亲 说 ： 你 今 天 晨 鸣 怎 么 样 呢 ？
时 日 害 丧 ？,你 这 太 阳 啊 ， 什 么 时 候 毁 灭 呢 ？,时 间 危 害 丧 服 吧 ？
予 及 女 偕 亡 。,我 宁 肯 与 你 一 起 毁 灭 ！,我 愿 意 帮 你 们 们 离 开 。
民 欲 与 之 偕 亡 ，,老 百 姓 恨 不 得 与 你 同 归 于 尽 ，,人 民 恨 不 得 与 他 同 归 于 尽 ， 而 孟 子 却 总 是 执 着 于 仁 爱 ， 这 就 是 他 所 做 的 很 勇 敢 。
民 欲 与 之 偕 亡 ， 虽 有 台 池 鸟 兽 ，,老 百 姓 恨 不 得 与 你 同 归 于 尽 ， 即 使 你 有 高 太 深 池 、 珍 禽 异 兽 ，,人 民 恨 望 他 们 相 比 几 乎 相 差 ， 虽 然 有 台 帽 、
民 欲 与 之 偕 亡 ， 虽 有 台 池 鸟 兽 ， 岂 能 独 乐 哉 ？,老 百 姓 恨 不 得 与 你 同 归 于 尽 ， 即 使 你 有 高 太 深 池 、 珍 禽 异 兽 ， 难 道 能 独 自 享 受 快 乐 吗 ？,现 在 的 百 姓 们 都 想 与 你 同 归 宠 爱 吧 ， 即 使 你 有 台 宠 爱 的 池 壮 鸟
虽 有 台 池 鸟 兽 ，,即 使 你 有 高 太 深 池 、 珍 禽 异 兽 ，,虽 然 有 台 师 池 养 鸟 猪 ， 但 是 孟 子 却 不 愿 意 去 听 他 说 ， 孟 子 说 ：
虽 有 台 池 鸟 兽 ， 岂 能 独 乐 哉 ？,即 使 你 有 高 太 深 池 、 珍 禽 异 兽 ， 难 道 能 独 自 享 受 快 乐 吗 ？,虽 然 有 台 师 池 养 鸟 猪 ， 您 怎 么 能 独 孤 高 高 兴 兴 呢 ？
岂 能 独 乐 哉 ？,难 道 能 独 自 享 受 快 乐 吗 ？,能 只 是 独 自 快 乐 吗 ？
邹 与 鲁 哄 。,邹 国 与 鲁 国 交 战 。,陈 邹 和 鲁 国 哄 声 。
穆 公 问 曰 ：,邹 穆 公 对 孟 子 说 ：,穆 公 问 ：
穆 公 问 曰 ： 吾 有 司 死 者 三 十 三 人 ，,邹 穆 公 对 孟 子 说 ： 我 的 官 吏 死 了 三 十 三 个 ，,穆 公 问 道 ： 我 有 司 的 死 亲 有 三 十 三 个 ， 这 说 明 吾 国 有 很 多 官 吏 。
穆 公 问 曰 ： 吾 有 司 死 者 三 十 三 人 ， 而 民 莫 之 死 也 。,邹 穆 公 对 孟 子 说 ： 我 的 官 吏 死 了 三 十 三 个 ， 百 姓 却 没 有 一 个 为 他 们 而 牺 牲 的 。,陈 穆 公 问 道 ： 我 有 司 各 有 三 十 三 个 死 了 ， 而 老 百 姓 却 没 有 一 个 死 了 。
吾 有 司 死 者 三 十 三 人 ，,我 的 官 吏 死 了 三 十 三 个 ，,我 的 官 吏 死 了 三 十 三 个 ， 这 说 明 孔 子 是 个 读 书 圣 人 。
吾 有 司 死 者 三 十 三 人 ， 而 民 莫 之 死 也 。,我 的 官 吏 死 了 三 十 三 个 ， 百 姓 却 没 有 一 个 为 他 们 而 牺 牲 的 。,我 的 官 吏 死 了 三 十 三 个 ， 人 民 却 没 有 一 个 即 使 是 老 百 姓 的 父 亲 死 了 。
而 民 莫 之 死 也 。,百 姓 却 没 有 一 个 为 他 们 而 牺 牲 的 。,而 老 百 姓 却 不 死 了 。
诛 之 ，,杀 他 们 吧 ，,杀 他 们 吧 ，
诛 之 ， 则 不 可 胜 诛 ；,杀 他 们 吧 ， 杀 不 了 那 么 多 ；,杀 他 们 吧 ， 不 可 以 比 它 更 严 厚 ；
则 不 可 胜 诛 ；,杀 不 了 那 么 多 ；,那 么 不 可 以 杀 的 比 较 决 竖 了 。
不 诛 ，,不 杀 他 们 吧 ，,不 杀 他 ，
不 诛 ， 则 疾 视 其 长 上 之 死 而 不 救 ，,不 杀 他 们 吧 ， 又 实 在 恨 他 们 眼 睁 睁 地 看 着 长 官 被 杀 而 不 去 营 救 。,不 杀 他 ， 则 看 见 他 长 辈 子 着 倒 死 而 不 拯 救 ，
不 诛 ， 则 疾 视 其 长 上 之 死 而 不 救 ， 如 之 何 则 可 也 ？,不 杀 他 们 吧 ， 又 实 在 恨 他 们 眼 睁 睁 地 看 着 长 官 被 杀 而 不 去 营 救 。 到 底 怎 么 办 才 好 呢 ？,不 杀 他 ， 那 么 他 看 见 长 官 矣 上 顶 的 死 亲 而 不 拯 救 ， 这 是 为 什 么 呀 ？
则 疾 视 其 长 上 之 死 而 不 救 ，,又 实 在 恨 他 们 眼 睁 睁 地 看 着 长 官 被 杀 而 不 去 营 救 。,那 么 他 总 是 看 往 长 官 们 着 死 而 不 拯 救 的 ， 是 因 为 他 们 是 个 偷 父 ，
则 疾 视 其 长 上 之 死 而 不 救 ， 如 之 何 则 可 也 ？,又 实 在 恨 他 们 眼 睁 睁 地 看 着 长 官 被 杀 而 不 去 营 救 。 到 底 怎 么 办 才 好 呢 ？,那 么 他 总 是 看 往 长 官 们 着 死 而 不 拯 救 的 ， 这 是 为 什 么 呢 ？
如 之 何 则 可 也 ？,到 底 怎 么 办 才 好 呢 ？,是 否 可 以 这 样 做 ？
孟 子 对 曰 ：,孟 子 回 答 说 ：,孟 子 回 答 说 ：
孟 子 对 曰 ： 凶 年 饥 岁 ，,孟 子 回 答 说 ： 灾 荒 年 岁 ，,孟 子 回 答 道 ： 灾 荒 年 岁 ，
孟 子 对 曰 ： 凶 年 饥 岁 ， 君 之 民 老 弱 转 乎 沟 壑 ，,孟 子 回 答 说 ： 灾 荒 年 岁 ， 年 老 体 弱 的 弃 尸 于 山 沟 ，,孟 子 回 答 说 ： 灾 荒 年 岁 ， 天 下 的 百 姓 老 弱 弃 了 山 河 ， 沿 河 岸 边
凶 年 饥 岁 ，,灾 荒 年 岁 ，,灾 荒 年 岁 ，
凶 年 饥 岁 ， 君 之 民 老 弱 转 乎 沟 壑 ，,灾 荒 年 岁 ， 年 老 体 弱 的 弃 尸 于 山 沟 ，,年 陥 严 年 岁 ， 君 主 的 百 姓 肥 弱 而 转 身 于 山 沟 ， 这 是 为 了 几 百 吨 的 土 土 质 矿 的
凶 年 饥 岁 ， 君 之 民 老 弱 转 乎 沟 壑 ， 壮 者 散 而 之 四 方 者 ，,灾 荒 年 岁 ， 年 老 体 弱 的 弃 尸 于 山 沟 ， 年 轻 力 壮 的 四 处 逃 荒 ，,年 陥 严 的 年 仅 饥 饿 之 焉 ， 君 主 的 百 姓 老 弱 归 于 宽 恶
君 之 民 老 弱 转 乎 沟 壑 ，,年 老 体 弱 的 弃 尸 于 山 沟 ，,你 的 人 民 老 弱 往 着 沟 壑 边 境 ， 你 怎 么 能 救 他 呢 ？
君 之 民 老 弱 转 乎 沟 壑 ， 壮 者 散 而 之 四 方 者 ，,年 老 体 弱 的 弃 尸 于 山 沟 ， 年 轻 力 壮 的 四 处 逃 荒 ，,你 的 人 民 老 弱 往 动 沟 壑 ， 年 轻 勇 者 散 开 在 四 方 ， ，
君 之 民 老 弱 转 乎 沟 壑 ， 壮 者 散 而 之 四 方 者 ， 几 千 人 矣 ；,年 老 体 弱 的 弃 尸 于 山 沟 ， 年 轻 力 壮 的 四 处 逃 荒 ， 差 不 多 有 上 千 人 吧 ；,你 的 人 民 老 弱 很 倒 行 来 穿 歓 迎 于 山 沟 ， 年 轻 勇 者 散 开 在
壮 者 散 而 之 四 方 者 ，,年 轻 力 壮 的 四 处 逃 荒 ，,年 轻 壮 者 随 养 宋 君 四 方 遗 税 ，
壮 者 散 而 之 四 方 者 ， 几 千 人 矣 ；,年 轻 力 壮 的 四 处 逃 荒 ， 差 不 多 有 上 千 人 吧 ；,年 轻 的 人 在 四 方 征 税 时 散 发 ， 有 吧 大 数 为 四 千 人 。
几 千 人 矣 ；,差 不 多 有 上 千 人 吧 ；,可 是 有 几 千 人 吧 ；
而 君 之 仓 廪 实 ，,而 您 的 粮 仓 里 堆 满 粮 食 ，,而 君 主 的 倉 庫 和 宠 宠 宠 �
而 君 之 仓 廪 实 ， 府 库 充 ，,而 您 的 粮 仓 里 堆 满 粮 食 ， 货 库 里 装 满 财 宝 ，,而 你 的 仓 室 里 的 充 衣 找 假 ， 货 库 里 装 满 东 西 ， 这 就 是 杀 猎 的 货 袋 。
而 君 之 仓 廪 实 ， 府 库 充 ， 有 司 莫 以 告 ，,而 您 的 粮 仓 里 堆 满 粮 食 ， 货 库 里 装 满 财 宝 ， 官 吏 们 却 从 来 不 向 您 报 告 ，,但 是 君 主 的 仓 廪 总 是 很 优 秀 ， 货 库 里 装 满 ， 官 吏 却 从 来 不 告 诉 君 王 ，
府 库 充 ，,货 库 里 装 满 财 宝 ，,乘 车 固 有 充 足 的 物 俗 ， 乘 车 充 满 车 厢 的 车 厢 充 满 的 车 厢 ， 乘 车 充 满 车 厢 的 车 厢 充
府 库 充 ， 有 司 莫 以 告 ，,货 库 里 装 满 财 宝 ， 官 吏 们 却 从 来 不 向 您 报 告 ，,国 库 里 装 满 ， 官 吏 却 从 来 不 告 诉 ， 这 是 为 了 损 害 国 家 利 益 而 执 行 的 ， 这 就 是 杀 穆 宋 之 爱 民 的 政 �
府 库 充 ， 有 司 莫 以 告 ， 是 上 慢 而 残 下 也 。,货 库 里 装 满 财 宝 ， 官 吏 们 却 从 来 不 向 您 报 告 ， 这 是 他 们 不 关 心 老 百 姓 并 且 还 残 害 老 百 姓 的 表 现 。,公 库 里 里 各 种 东 西 充 满 了 ， 官 吏 却 从 来 不 搭 倒 告 子 ， 这 就 是 上 面 慢 慢 地 落 下 一
有 司 莫 以 告 ，,官 吏 们 却 从 来 不 向 您 报 告 ，,有 关 官 员 却 不 报 告 ， 有 司 们 都 不 报 告 ， 有 司 们 都 不 报 告 ， 有 关 事 物 都 不 报 告 ，
有 司 莫 以 告 ， 是 上 慢 而 残 下 也 。,官 吏 们 却 从 来 不 向 您 报 告 ， 这 是 他 们 不 关 心 老 百 姓 并 且 还 残 害 老 百 姓 的 表 现 。,有 关 官 员 却 不 搭  Put 谈 ， 这 是 上 级 阶 级 的 慢 慢 而 残 退 。
是 上 慢 而 残 下 也 。,这 是 他 们 不 关 心 老 百 姓 并 且 还 残 害 老 百 姓 的 表 现 。,是 上 次 慢 了 下 而 残 佚 了 。
曾 子 曰 ：,曾 子 说 ：,曾 子 说 ：
曾 子 曰 ： 戒 之 戒 之 ！,曾 子 说 ： 小 心 啊 ， 小 心 啊 ！,曾 子 说 ： 小 心 啊 ， 小 心 啊 ！
戒 之 戒 之 ！,小 心 啊 ， 小 心 啊 ！,参考翻译结果a: 又 要 阻 挡 又 要 阻 挡 呢 ？ 
出 乎 尔 者 ，,你 怎 样 对 待 别 人 ，,是 出 于 自 己 的 本 能 ，
出 乎 尔 者 ， 反 乎 尔 者 也 。,你 怎 样 对 待 别 人 ， 别 人 也 会 怎 样 对 待 你 。,您 怎 样 对 待 别 人 ， 别 人 怎 样 对 待 您 。
反 乎 尔 者 也 。,别 人 也 会 怎 样 对 待 你 。,是 你 所 谓 的 反 躬 。
夫 民 今 而 后 得 反 之 也 。,现 在 就 是 老 百 姓 报 复 他 们 的 时 候 了 。,现 在 的 百 姓 才 能 得 到 他 们 前 方 的 反 � magic.
君 无 尤 焉 。,您 不 要 归 罪 于 老 百 姓 吧 ！,你 的 国 君 不 会 有 很 多 ， 只 有 一 个 。
君 行 仁 政 ，,只 要 您 施 行 仁 政 ，,您 能 行 使 仁 政 施 行 的 ， 我 也 会 行 为 相 一 样 的 。
君 行 仁 政 ， 斯 民 亲 其 上 ，,只 要 您 施 行 仁 政 ， 老 百 姓 自 然 就 会 亲 近 他 们 的 领 导 人 ，,您 施 行 仁 政 ， 老 百 姓 都 亲 近 您 ， 那 么 您 执 行 法 律 ，
君 行 仁 政 ， 斯 民 亲 其 上 ， 死 其 长 矣 。,只 要 您 施 行 仁 政 ， 老 百 姓 自 然 就 会 亲 近 他 们 的 领 导 人 ， 肯 为 他 们 的 长 官 而 牺 牲 了 。,你 的 国 家 如 果 施 行 仁 政 ， 老 百 姓 就 会 亲 近 你 的 政 事 ， 那 他 的 长 子 要 死 了 。
斯 民 亲 其 上 ，,老 百 姓 自 然 就 会 亲 近 他 们 的 领 导 人 ，,这 个 人 民 亲 近 他 们 的 人 ， 他 们 会 跟 他 们 相 互 亲 近 。 
斯 民 亲 其 上 ， 死 其 长 矣 。,老 百 姓 自 然 就 会 亲 近 他 们 的 领 导 人 ， 肯 为 他 们 的 长 官 而 牺 牲 了 。,现 在 的 百 姓 都 亲 近 他 ， 老 百 姓 会 死 他 ， 老 勋 勋 功 劳 的 长 官 也 会 被 害 。
死 其 长 矣 。,肯 为 他 们 的 长 官 而 牺 牲 了 。,一 直 到 现 在 都 没 有 长 官 ， 这 就 会 使 他 死 了 。
孟 子 曰 ：,孟 子 说 ：,孟 子 说 ：
孟 子 曰 ： 易 其 田 畴 ，,孟 子 说 ： 改 变 同 样 类 型 的 田 土 ，,孟 子 说 ： 就 可 以 改 变 田 土 ， 但 是 不 能 改 变 人 的 心 态 。
孟 子 曰 ： 易 其 田 畴 ， 薄 其 税 敛 ，,孟 子 说 ： 改 变 同 样 类 型 的 田 土 ， 减 少 税 收 ，,孟 子 说 ： 改 变 田 土 ， 减 少 税 收 ， 这 样 就 可 以 使 人 变 化 。
易 其 田 畴 ，,改 变 同 样 类 型 的 田 土 ，,易 变 掉 田 土 ，
易 其 田 畴 ， 薄 其 税 敛 ，,改 变 同 样 类 型 的 田 土 ， 减 少 税 收 ，,易 理 解 自 己 的 田 土 ， 减 少 税 收 ， 这 样 就 可 以 推 行 社 会 主 义 了 。 
易 其 田 畴 ， 薄 其 税 敛 ， 民 可 使 富 也 。,改 变 同 样 类 型 的 田 土 ， 减 少 税 收 ， 就 可 以 使 人 民 富 裕 了 。,现 在 改 变 田 土 ， 减 少 税 收 ， 就 可 以 使 人 民 富 裕 了 。
薄 其 税 敛 ，,减 少 税 收 ，,减 少 收 到 税 务 ， ��
薄 其 税 敛 ， 民 可 使 富 也 。,减 少 税 收 ， 就 可 以 使 人 民 富 裕 了 。,一 如 此 ， 减 少 税 收 ， 就 可 以 使 人 民 富 裕 了 。
民 可 使 富 也 。,就 可 以 使 人 民 富 裕 了 。,国 民 可 以 使 人 民 富 裕 。
食 之 以 时 ，,饮 食 按 季 节 ，,按 季 节 食 药 ，
食 之 以 时 ， 用 之 以 礼 ，,饮 食 按 季 节 ， 使 用 按 社 会 行 为 规 范 ，,按 季 节 食 肥 牛 ， 按 社 会 行 为 规 范 使 用 礼 物 ， 
食 之 以 时 ， 用 之 以 礼 ， 财 不 可 胜 用 也 。,饮 食 按 季 节 ， 使 用 按 社 会 行 为 规 范 ， 财 物 就 用 不 完 了 。,用 饮 食 按 时 ， 用 财 物 按 礼  ü 侍 ， 财 物 本 来 就 不 能 用 胜 还 。
用 之 以 礼 ，,使 用 按 社 会 行 为 规 范 ，,用 之 作 礼 物 ，
用 之 以 礼 ， 财 不 可 胜 用 也 。,使 用 按 社 会 行 为 规 范 ， 财 物 就 用 不 完 了 。,一 个 使 用 礼 物 而 不 能 使 用 财 宝 很 多 。
财 不 可 胜 用 也 。,财 物 就 用 不 完 了 。,语 义 是 财 宝 不 可 以 用 的 。
民 非 水 火 不 生 活 ，,人 民 没 有 水 和 火 就 不 能 生 活 ，,人 民 不 是 水 和 火 不 能 够 生 活 的 ， 这 就 是 社 会 主 义 的 规 律 。 ， 
民 非 水 火 不 生 活 ， 求 水 火 ，,人 民 没 有 水 和 火 就 不 能 生 活 ， 求 借 水 和 火 ，,人 民 不 是 没 有 水 和 火 就 不 能 生 活 ， 求 借 水 和 火 ， 那 倒 是 能 生 活 ， 但 是 少 了 一 点 ， 少 了 一 点 。
民 非 水 火 不 生 活 ， 求 水 火 ， 无 弗 与 者 ，,人 民 没 有 水 和 火 就 不 能 生 活 ， 求 借 水 和 火 ， 没 有 不 给 的 ，,人 民 不 能 以 水 和 火 不 能 生 活 ， 求 借 水 和 火 ， 没 有 不 给 的 ， 这 就 是 社 会 主 义 了 。
求 水 火 ，,求 借 水 和 火 ，,求 借 水 和 火 ，
求 水 火 ， 无 弗 与 者 ，,求 借 水 和 火 ， 没 有 不 给 的 ，,求 借 水 和 火 ， 没 有 不 给 的 ， 那 么 他 们 是 个 很 侍 奉 的 人 吗 ？
求 水 火 ， 无 弗 与 者 ， 至 足 矣 。,求 借 水 和 火 ， 没 有 不 给 的 ， 因 为 相 当 充 足 。,求 借 水 和 火 ， 没 有 不 给 的 ， 是 可 以 归 来 的 。
无 弗 与 者 ，,没 有 不 给 的 ，,没 有 不 给 的 ，
无 弗 与 者 ， 至 足 矣 。,没 有 不 给 的 ， 因 为 相 当 充 足 。,没 有 不 给 的 ， 就 足 够 了 。
至 足 矣 。,因 为 相 当 充 足 。,一 样 充 足 了 。
圣 人 治 天 下 ，,圣 人 治 理 天 下 ，,拥 有 圣 人 治 理 天 下 的 人 ， ， ， ， ， ， ， ， ， ， ， ， ， ， ， ， ， ， ， ， ， ， ， ， ， ， ， ， ， ， ， ， ， ， ， ， ， ， ， ， ， ， ， ， ， ， ，
圣 人 治 天 下 ， 使 有 菽 粟 如 水 火 。,圣 人 治 理 天 下 ， 使 豆 类 、 谷 类 象 水 和 火 一 样 充 足 。,语 言 文 言 经 过 修 炼 ， 贤 者 统 治 天 下 ， 使 有 豆 类 、 谷 类 的 丰 稼 如 流 水 和 火 一 样 发 泼 。
使 有 菽 粟 如 水 火 。,使 豆 类 、 谷 类 象 水 和 火 一 样 充 足 。,使 豆 类 和 谷 类 变 得 就 如 同 水 和 火 一 样 丰 善 。
菽 粟 如 水 火 ，,谷 类 植 物 象 水 和 火 一 样 充 足 ，,仗 紧 穿 羊 毛 的 衣 服 ， 比 气 如 火 ，
菽 粟 如 水 火 ， 而 民 焉 有 不 仁 者 乎 ？,谷 类 植 物 象 水 和 火 一 样 充 足 ， 人 民 哪 里 会 有 不 愿 意 与 人 相 互 亲 爱 的 呢 ？,豆 粮 和 谷 类 食品 比 起 来 就 象 水 和 火 一 样 重 要 ， 人 民 怎 么 能 够 不 爱 彼 者 呢 ？
而 民 焉 有 不 仁 者 乎 ？,人 民 哪 里 会 有 不 愿 意 与 人 相 互 亲 爱 的 呢 ？,但 是 百 姓 却 有 不 仁 爱 的 一 个 很 多 的 ， 这 是 为 什 么 呢 ？
孟 子 曰 ：,孟 子 说 ：,孟 子 说 ：
孟 子 曰 ： 孔 子 登 东 山 而 小 鲁 ，,孟 子 说 ： 孔 子 登 上 东 山 就 觉 得 鲁 国 小 了 ，,孟 子 说 ： 孔 子 登 上 东 山 就 小 鲁 国 ，
孟 子 曰 ： 孔 子 登 东 山 而 小 鲁 ， 登 泰 山 而 小 天 下 。,孟 子 说 ： 孔 子 登 上 东 山 就 觉 得 鲁 国 小 了 ， 登 上 泰 山 就 觉 得 天 下 小 了 ，,现 代 汉 语 翻 译结果：孟 子 说 ： 孔 子 登 上 东 山 就 小 鲁 国 ， 登 上 泰 山 就 小 了 天 下 。
孔 子 登 东 山 而 小 鲁 ，,孔 子 登 上 东 山 就 觉 得 鲁 国 小 了 ，,孔 子 登 上 东 山
孔 子 登 东 山 而 小 鲁 ， 登 泰 山 而 小 天 下 。,孔 子 登 上 东 山 就 觉 得 鲁 国 小 了 ， 登 上 泰 山 就 觉 得 天 下 小 了 ，,现 在 孔 子 登 上 东 山 就 小 鲁 国 了 ， 登 上 泰 山 就 小 了 天 下 了 。
登 泰 山 而 小 天 下 。,登 上 泰 山 就 觉 得 天 下 小 了 ，,语 体 翻 译 结 果 为 ：登 楼 高 高 的 泰 山 而 看 见 天 下 还 小 。
故 观 于 海 者 难 为 水 ，,所 以 观 看 过 大 海 的 人 难 以 赞 叹 一 般 的 水 ，,所 以 观 看 海 上 的 人 难 以 承 认 自 己 是 为 了 养 善 的 行 为 ， 这 就 是 为 什 么 呢 ？
故 观 于 海 者 难 为 水 ， 游 于 圣 人 之 门 者 难 为 言 。,所 以 观 看 过 大 海 的 人 难 以 赞 叹 一 般 的 水 ， 在 圣 人 门 下 学 过 的 人 难 以 被 一 般 言 论 所 吸 引 。,因 此 看 观 看 海 上 的 人 难 以 感 受 水 的 各 种 变 化 ， 跟 在 圣 人 的 门 下 的 人 也 难 以 言
游 于 圣 人 之 门 者 难 为 言 。,在 圣 人 门 下 学 过 的 人 难 以 被 一 般 言 论 所 吸 引 。,语 义 很 差 一 点 。
观 水 有 术 ，,观 看 水 有 方 法 ，,拙 的 观 察 水 有 规 律 ， 
观 水 有 术 ， 必 观 其 澜 。,观 看 水 有 方 法 ， 一 定 要 看 它 壮 阔 的 波 澜 。,能 看 见 水 的 方 法 ， 就 会 观 看 它 澜 澜 澜 澜 。
必 观 其 澜 。,一 定 要 看 它 壮 阔 的 波 澜 。,一 定 要 看 看 它 的 澜 滳 。
日 月 有 明 ，,日 月 有 无 比 的 光 辉 ，,日 月 有 明 亮 的 ，
日 月 有 明 ， 容 光 必 照 焉 。,日 月 有 无 比 的 光 辉 ， 小 缝 隙 也 能 照 射 进 去 。,日 月 对 于 天 然 的 光 辉 ， 容 貌 就 会 被 照 进 它 。
容 光 必 照 焉 。,小 缝 隙 也 能 照 射 进 去 。,能 承 受 别 人 的 光 辉 就 可 以 照 亮 这 里 吧 。
流 水 之 为 物 也 ，,流 水 的 本 性 ，,流 水 象 物 ，
流 水 之 为 物 也 ， 不 盈 科 不 行 ；,流 水 的 本 性 ， 不 充 满 水 坑 就 不 会 流 走 。,流 水 象 人 生 的 事 物 ， 不 能 淡 漂 不 去 ；
不 盈 科 不 行 ；,不 充 满 水 坑 就 不 会 流 走 。,不 能 淡 漂 见 学 科 的 不 行 ；
君 子 之 志 于 道 也 ，,君 子 之 所 以 有 志 于 人 生 的 正 道 ，,君 子 的 意 志 所 亲 近 于 人 生 的 道 路 ， 这 就 是 君 子 之 所 以 受 教 育 。
君 子 之 志 于 道 也 ， 不 成 章 不 达 。,君 子 之 所 以 有 志 于 人 生 的 正 道 ， 不 彰 明 也 就 不 会 通 达 。,语 义 上 是 君 子 之 志 的 方 法 ， 不 能 成 全 其 长 趋 向 。
不 成 章 不 达 。,不 彰 明 也 就 不 会 通 达 。,参考翻译结果a: 不 能 成 全 章 归 于 本 来 的 意 义 ， 是 不 可 了 解 的 。
孟 子 曰 ：,孟 子 说 ：,孟 子 说 ：
孟 子 曰 ： 鸡 鸣 而 起 ，,孟 子 说 ： 晨 鸡 报 晓 就 起 来 ，,孟 子 说 ： 晨 鸡 报 晓 就 起 来 ，
孟 子 曰 ： 鸡 鸣 而 起 ， 孳 孳 为 善 者 ，,孟 子 说 ： 晨 鸡 报 晓 就 起 来 ， 孜 孜 不 倦 地 行 善 的 ，,孟 子 说 ： 晨 鸡 报 晓 就 起 来 ， 孜 孜 不 倦 地 行 善 的 ，
鸡 鸣 而 起 ，,晨 鸡 报 晓 就 起 来 ，,是 象 鸡 善 为 报 殉 ，
鸡 鸣 而 起 ， 孳 孳 为 善 者 ，,晨 鸡 报 晓 就 起 来 ， 孜 孜 不 倦 地 行 善 的 ，,鸡 鸣 而 起 ， 孜 孜 不 倦 地 行 善 的 ， 
鸡 鸣 而 起 ， 孳 孳 为 善 者 ， 舜 之 徒 也 。,晨 鸡 报 晓 就 起 来 ， 孜 孜 不 倦 地 行 善 的 ， 是 舜 之 类 的 人 ；,是 象 鸡 报 晓 就 起 来 ， 孜 孜 不 倦 地 行 善 的 ， 是 舜 之 类 的 人 。
孳 孳 为 善 者 ，,孜 孜 不 倦 地 行 善 的 ，,是 善 良 的 ， 孳 孳 为 善 良 的 ， 但 是 孜 孜 不 倦 地 努 力 ， 终 生 为 善 良 。
孳 孳 为 善 者 ， 舜 之 徒 也 。,孜 孜 不 倦 地 行 善 的 ， 是 舜 之 类 的 人 ；,现 在 的 人 却 是 善 良 的 ， 就 象 舜 那 样 做 了 。
舜 之 徒 也 。,是 舜 之 类 的 人 ；,是 舜 之 类 的 人 。
鸡 鸣 而 起 ，,晨 鸡 报 晓 就 起 来 ，,是 象 鸡 善 为 报 殉 ，
鸡 鸣 而 起 ， 孳 孳 为 利 者 ，,晨 鸡 报 晓 就 起 来 ， 孜 孜 不 倦 地 求 利 益 的 ，,鸡 鸣 而 起 ， 孜 孜 不 倦 地 为 益 者 ， 狗 吠 而 起 ， 勇 敢 地 为 益 的 人 ，
鸡 鸣 而 起 ， 孳 孳 为 利 者 ， 跖 之 徒 也 。,晨 鸡 报 晓 就 起 来 ， 孜 孜 不 倦 地 求 利 益 的 ， 是 盗 跖 之 类 的 人 。,是 象 鸡 报 晓 就 起 来 ， 孜 孜 不 倦 地 为 利 者 努 力 ， 就 好 比 来 说 的 跖 鞋 啊 。
孳 孳 为 利 者 ，,孜 孜 不 倦 地 求 利 益 的 ，,孜 孜
孳 孳 为 利 者 ， 跖 之 徒 也 。,孜 孜 不 倦 地 求 利 益 的 ， 是 盗 跖 之 类 的 人 。,孜 孜 不 倦 地 求 利 益 的 ， 就 象 跖 鞋 一 样 那 样 。
跖 之 徒 也 。,是 盗 跖 之 类 的 人 。,是 个 跖 匠 匠 匠 的 人 。
欲 知 舜 与 跖 之 分 ，,要 想 知 道 舜 和 跖 的 区 别 ，,想 知 道 舜 和 跖 的 区 别 ， 是 易 成 功 也 不 如 跖 一 样 。 
欲 知 舜 与 跖 之 分 ， 无 他 ，,要 想 知 道 舜 和 跖 的 区 别 ， 没 有 别 的 ，,想 知 道 舜 和 跖 的 区 别 ， 没 有 别 的 ， 那 就 是 不 知 道 的 ， 是 不 可 理 解 的 。 
欲 知 舜 与 跖 之 分 ， 无 他 ， 利 与 善 之 间 也 。,要 想 知 道 舜 和 跖 的 区 别 ， 没 有 别 的 ， 只 是 求 利 和 求 善 的 不 同 。,"want  to know  the difference  between  the  royal  robes  and  the  soldier  shoes ，  there  is  no  other  reason  ,  it  is  the  difference  between  benefit  and  virtue  ."
无 他 ，,没 有 别 的 ，,没 有 别 的 ，
无 他 ， 利 与 善 之 间 也 。,没 有 别 的 ， 只 是 求 利 和 求 善 的 不 同 。,没 有 别 的 ， 只 有 利 善 之 间 的 不 同 。
利 与 善 之 间 也 。,只 是 求 利 和 求 善 的 不 同 。,是 利 益 与 善 良 之 间 。
孟 子 曰 ：,孟 子 说 ：,孟 子 说 ：
孟 子 曰 ： 杨 子 取 为 我 ，,孟 子 说 ： 杨 朱 主 张 为 我 ，,孟 子 说 ： 杨 朱 先 生 受 到 我 的 教 育 ，
孟 子 曰 ： 杨 子 取 为 我 ， 拔 一 毛 而 利 天 下 ，,孟 子 说 ： 杨 朱 主 张 为 我 ， 就 算 是 拔 去 自 己 一 根 毫 毛 而 有 利 于 天 下 ，,孟 子 说 ： 杨 朱 先 生 抓 住 我 的 鞭 子 ， 拔 去 一 根 毫 毛 而 有 所 促 进 天 下 的 ， 这 说 明 �
杨 子 取 为 我 ，,杨 朱 主 张 为 我 ，,杨 朱 主 张 为 我 ，
杨 子 取 为 我 ， 拔 一 毛 而 利 天 下 ，,杨 朱 主 张 为 我 ， 就 算 是 拔 去 自 己 一 根 毫 毛 而 有 利 于 天 下 ，,杨 朱 主 张 为 我 ， 拔 去 一 根 毫 毛 而 有 利 于 天 下 ， 这 说 明 孔 子 是 个 权 力 很 强 大 的 人 ， 杨 朱 主 张 为
杨 子 取 为 我 ， 拔 一 毛 而 利 天 下 ， 不 为 也 。,杨 朱 主 张 为 我 ， 就 算 是 拔 去 自 己 一 根 毫 毛 而 有 利 于 天 下 ， 他 也 不 愿 意 。,杨 朱 主 张 为 我 ， 拔 去 一 根 毫 毛 而 有 利 于 天 下 ， 他 也 不 愿 意 受 厄 墨 。
拔 一 毛 而 利 天 下 ，,就 算 是 拔 去 自 己 一 根 毫 毛 而 有 利 于 天 下 ，,拔 去 自 己 的 一 根 毫 毛 而 有 利 于 天 下 ， 是 不 值 得 的 。 
拔 一 毛 而 利 天 下 ， 不 为 也 。,就 算 是 拔 去 自 己 一 根 毫 毛 而 有 利 于 天 下 ， 他 也 不 愿 意 。,拔 去 一 根 毫 毛 而 有 利 于 天 下 ， 不 愿 意 做 。
不 为 也 。,他 也 不 愿 意 。,不 是 因 为 不 愿 意 。
墨 子 兼 爱 ，,墨 子 主 张 兼 爱 天 下 ，,墨 子 兼 爱 又 不 养 爱 ， 
墨 子 兼 爱 ， 摩 顶 放 踵 利 天 下 ，,墨 子 主 张 兼 爱 天 下 ， 哪 怕 是 摩 秃 头 顶 磨 破 脚 跟 而 对 天 下 有 利 ，,墨 子 兼 爱 天 下 ， 摩 顶 脚 扎 踩 而 看 见 天 下 的 好 处 ， 这 是 为 了 利 天 下 而 做 的 ， 却 是 很
墨 子 兼 爱 ， 摩 顶 放 踵 利 天 下 ， 为 之 。,墨 子 主 张 兼 爱 天 下 ， 哪 怕 是 摩 秃 头 顶 磨 破 脚 跟 而 对 天 下 有 利 ， 他 也 愿 意 干 。,墨 子 兼 爱 天 下 ， 摩 顶 脚 承 天 下 ， 这 是 为 他 而 做 的 。
摩 顶 放 踵 利 天 下 ，,哪 怕 是 摩 秃 头 顶 磨 破 脚 跟 而 对 天 下 有 利 ，,摩 顶 放 踵 是 利 于 天 下 的 ， 所 以 权 力 的 人 拥 有 很 多 ， 这 就 使 天 下 能 够 存 活 起 来 。 
摩 顶 放 踵 利 天 下 ， 为 之 。,哪 怕 是 摩 秃 头 顶 磨 破 脚 跟 而 对 天 下 有 利 ， 他 也 愿 意 干 。,摊 贵 而 放 逐 是 利 于 天 下 ， 我 为 此 准 备 好 。
为 之 。,他 也 愿 意 干 。,参考翻译结果a ：这 是 为 了 他 们 而 做 的 。
子 莫 执 中 ，,子 莫 采 取 中 间 态 度 ，,学 子 们 却 是 不 执 中 ， 怎 么 能 学 得 这 么 高 ？
子 莫 执 中 ， 执 中 为 近 之 ，,子 莫 采 取 中 间 态 度 ， 中 间 态 度 比 较 接 近 正 确 。,学 子 莫 超 过 中 间 ， 中 间 的 有 利 于 您 的 ， 中 间 的 有 利 于 您 的 ， 中 间 的 有 利 于 您 的 ， 中 间 的 有 利 于 您 的 ， 中 间 的
子 莫 执 中 ， 执 中 为 近 之 ， 执 中 无 权 ，,子 莫 采 取 中 间 态 度 ， 中 间 态 度 比 较 接 近 正 确 。 但 是 折 中 却 不 能 权 衡 轻 重 ，,学 子 莫 于 其 中 的 大 学 都 有 ， 大 学 中 的 学 说 大 多 为 相 似 的 ， 大 学 中 的 学 说 没 有 实 力 ， 大 学 中 的 学 说 没
执 中 为 近 之 ，,中 间 态 度 比 较 接 近 正 确 。,执 中 而 不 厌 烦 的 ， 接 近 于 正 确 的 ， 
执 中 为 近 之 ， 执 中 无 权 ，,中 间 态 度 比 较 接 近 正 确 。 但 是 折 中 却 不 能 权 衡 轻 重 ，,执 中 而 不 厌 烦 ， 执 中 而 不 掌 押 ， 执 中 而 不 充 满 力 潮 ，
执 中 为 近 之 ， 执 中 无 权 ， 犹 执 一 也 。,中 间 态 度 比 较 接 近 正 确 。 但 是 折 中 却 不 能 权 衡 轻 重 ， 就 象 坚 持 一 个 极 端 一 样 。,中 间 掌 磁 的 就 近 好 ， 中 间 掌 磁 没 有 权 力 ， 就 象 只 抓 一 根 土 壤 一 样 。
执 中 无 权 ，,但 是 折 中 却 不 能 权 衡 轻 重 ，,执 中 无 法 ，
执 中 无 权 ， 犹 执 一 也 。,但 是 折 中 却 不 能 权 衡 轻 重 ， 就 象 坚 持 一 个 极 端 一 样 。,中 间 地 位 却 不 够 压 榨 ， 只 有 一 点 点 劲 劲 地 压 榨 ， 还 是 没 有 励 起 事 物 的 作 用 。
犹 执 一 也 。,就 象 坚 持 一 个 极 端 一 样 。,一 个 只 有 一 种 处 决 法 则 是 这 样 一 样 。
所 恶 执 一 者 ，,厌 恶 坚 持 一 端 的 做 法 ，,所 谓 的 很 多 东 西 ， 都 是 因 为 受 限 于 一 种
所 恶 执 一 者 ， 为 其 贼 道 也 ，,厌 恶 坚 持 一 端 的 做 法 ， 是 因 为 它 是 损 害 正 道 的 ，,所 以 宁 可 执 劝 一 个 人 ， 是 因 为 他 执 着 很 弱 劣 的 道 路 ， 但 是 不 懂 得 正 确 的 道 路 。 
所 恶 执 一 者 ， 为 其 贼 道 也 ， 举 一 而 废 百 也 。,厌 恶 坚 持 一 端 的 做 法 ， 是 因 为 它 是 损 害 正 道 的 ， 只 抓 住 一 端 而 废 弃 了 其 余 所 有 的 部 分 。,所 恶 爱 执 中 的 一 种 ， 是 贪 婪 的 道 路 ， 把 一 个 正 确 的 行 为 方 式 用 作 垃 圾 洩 洩
为 其 贼 道 也 ，,是 因 为 它 是 损 害 正 道 的 ，,是 因 为 是 个 贪 婪 的 道 路 ， 那 么 他 怎 么 能 让 这 个 国 家 变 得 正 确 吗 ？ 他 怎 么 能 让 这 个 国 家 变 得 高 深 吗 ？ 他 怎 么 能 让 这
为 其 贼 道 也 ， 举 一 而 废 百 也 。,是 因 为 它 是 损 害 正 道 的 ， 只 抓 住 一 端 而 废 弃 了 其 余 所 有 的 部 分 。,这 就 是 为 了 贼 易 他 的 道 路 ， 把 一 个 好 处 丢 弃 了 百 个 不 好 处 。
举 一 而 废 百 也 。,只 抓 住 一 端 而 废 弃 了 其 余 所 有 的 部 分 。,一 起 挖 一 个 土 道 就 会 废 弃 百 姓 。
孟 子 曰 ：,孟 子 说 ：,孟 子 说 ：
孟 子 曰 ： 饥 者 甘 食 ，,孟 子 说 ： 饥 饿 的 人 甘 愿 吃 东 西 ，,孟 子 说 ： 饥 饿 的 人 甘 愿 吃 东 西 ，
孟 子 曰 ： 饥 者 甘 食 ， 渴 者 甘 饮 ，,孟 子 说 ： 饥 饿 的 人 甘 愿 吃 东 西 ， 干 渴 的 人 甘 愿 饮 水 ，,孟 子 说 ： 饥 饿 的 人 甘 愿 吃 东 西 ，
饥 者 甘 食 ，,饥 饿 的 人 甘 愿 吃 东 西 ，,饥 饿 的 人 甘 愿 吃 东 西 ， 而 饥 饿 的 人 却 不 愿 意 吃 东 西 ， 这 就 是 权 力 的 原 俗 。
饥 者 甘 食 ， 渴 者 甘 饮 ，,饥 饿 的 人 甘 愿 吃 东 西 ， 干 渴 的 人 甘 愿 饮 水 ，,饥 饿 的 人 甘 愿 吃 东 西 ， 干 渴 的 人 甘 愿 饮 水 ， 这 就 是 人 生 的 基 本 侍 奉 的 榁 声 。
饥 者 甘 食 ， 渴 者 甘 饮 ， 是 未 得 饮 食 之 正 也 ，,饥 饿 的 人 甘 愿 吃 东 西 ， 干 渴 的 人 甘 愿 饮 水 ， 这 就 是 没 有 得 到 正 确 的 饮 食 方 法 ，,饥 饿 的 人 甘 愿 吃 东 西 ， 干 渴 的 人 甘 愿 饮 水 ， 这 是 人 为 什 么 还 不 充 足
渴 者 甘 饮 ，,干 渴 的 人 甘 愿 饮 水 ，,干 渴 的 人 甘 愿 饮 水 ， 而 各 种 不 甘 饮 水 的 ， 各 有 不 同 的 原 因 ， 但 是 各 有 不 同 的 结 果 。
渴 者 甘 饮 ， 是 未 得 饮 食 之 正 也 ，,干 渴 的 人 甘 愿 饮 水 ， 这 就 是 没 有 得 到 正 确 的 饮 食 方 法 ，,干 渴 的 人 甘 愿 饮 水 ， 这 是 他 们 还 没 有 得 到 正 确 的 饮 食 方 法 ， 这 就 是 为 什 么 办 了 了 ？
渴 者 甘 饮 ， 是 未 得 饮 食 之 正 也 ， 饥 渴 害 之 也 。,干 渴 的 人 甘 愿 饮 水 ， 这 就 是 没 有 得 到 正 确 的 饮 食 方 法 ， 是 人 体 本 能 所 害 的 。,渴 的 人 甘 愿 饮 水 ， 这 是 做 正 ibile 的 人 生 活 的 不 做 法 ， 也 称 之 为 饥 渴 害 �
是 未 得 饮 食 之 正 也 ，,这 就 是 没 有 得 到 正 确 的 饮 食 方 法 ，,是 因 为 还 没 有 得 到 正 确 的 饮 食 方 法 ， 这 就 是 不 快 乐 的 。 
是 未 得 饮 食 之 正 也 ， 饥 渴 害 之 也 。,这 就 是 没 有 得 到 正 确 的 饮 食 方 法 ， 是 人 体 本 能 所 害 的 。,现 在 还 没 有 得 到 正 确 的 饮 食 方 法 ， 是 因 为 身 体 受 了 营 养 的 侵 犯 ， 是 因 为 体 内 水 分 很 少 ， 是 因
饥 渴 害 之 也 。,是 人 体 本 能 所 害 的 。,是 因 为 口 渴 饥 饿 。
岂 惟 口 腹 有 饥 渴 之 害 ？,难 道 只 有 口 腹 才 受 饥 渴 所 害 吗 ？,现 在 你 只 有 口 腹 受 饥 饿 的 害 征 吗 ？
人 心 亦 皆 有 害 。,人 的 心 理 亦 会 受 饥 饿 所 害 。,人 的 心 都 会 产 生 害 于 的 事 情 。
人 能 无 以 饥 渴 之 害 为 心 害 ，,人 如 果 不 要 以 口 腹 受 饥 饿 所 害 而 使 心 理 受 所 害 ，,人 们 能 否 以 饥 饿 劝 使 人 不 要 为 他 们 损 害 心 怀 ？ ，
人 能 无 以 饥 渴 之 害 为 心 害 ， 则 不 及 人 不 为 忧 矣 。,人 如 果 不 要 以 口 腹 受 饥 饿 所 害 而 使 心 理 受 所 害 ， 那 么 就 不 用 担 心 自 己 比 不 上 别 人 了 。,现 在 的 人 如 果 不 以 为 自 己 的 饥 饿 和 干 渴 刺 �ray 痢 所 害 他 为 忧 愤 ， 那
则 不 及 人 不 为 忧 矣 。,那 么 就 不 用 担 心 自 己 比 不 上 别 人 了 。,一 说 ： 如 果 不 能 及 到 人 ， 那 就 不 怎 么 忧 愁 呢 。
孟 子 曰 ：,孟 子 说 ：,孟 子 说 ：
孟 子 曰 ： 柳 下 惠 不 以 三 公 易 其 介 。,孟 子 说 ： 柳 下 惠 不 会 因 为 自 己 是 三 公 的 地 位 而 改 变 本 能 。,| 孟 子 说 ：
柳 下 惠 不 以 三 公 易 其 介 。,柳 下 惠 不 会 因 为 自 己 是 三 公 的 地 位 而 改 变 本 能 。,语 义 结 果 为 一 样 ， 柳 下 惠 不 拿 三 公 为 他 们 的 介 贵 。
孟 子 曰 ：,孟 子 说 ：,孟 子 说 ：
孟 子 曰 ： 有 为 者 辟 若 掘 井 ，,孟 子 说 ： 有 所 作 为 就 比 如 是 挖 井 一 样 ，,孟 子 说 ： 有 所 作 为 就 比 如 是 挖 井 一 样 ，
孟 子 曰 ： 有 为 者 辟 若 掘 井 ， 掘 井 九 轫 而 不 及 泉 ，,孟 子 说 ： 有 所 作 为 就 比 如 是 挖 井 一 样 ， 挖 井 九 仞 还 没 有 得 到 泉 水 ，,孟 子 说 ： 有 所 作 为 就 比 如 是 挖 井 一 样 ， 挖 井 九 仞 还 没 有 得 到 泉 水 ， ，
有 为 者 辟 若 掘 井 ，,有 所 作 为 就 比 如 是 挖 井 一 样 ，,有 所 作 为 就 比 如 是 挖 井 一 样 ， 什 么 啊 ？
有 为 者 辟 若 掘 井 ， 掘 井 九 轫 而 不 及 泉 ，,有 所 作 为 就 比 如 是 挖 井 一 样 ， 挖 井 九 仞 还 没 有 得 到 泉 水 ，,有 所 作 为 就 比 如 是 挖 井 一 样 ， 挖 井 九 仞 还 没 有 得 到 泉 水 ， ， 
有 为 者 辟 若 掘 井 ， 掘 井 九 轫 而 不 及 泉 ， 犹 为 弃 井 也 。,有 所 作 为 就 比 如 是 挖 井 一 样 ， 挖 井 九 仞 还 没 有 得 到 泉 水 ， 就 把 它 当 作 废 井 了 吗 ？,有 所 作 为 就 比 如 是 挖 井 一 样 ， 挖 井 九 轫 没 有 得 到 泉 水 ， 就 象 几 辖 地 倒 井
掘 井 九 轫 而 不 及 泉 ，,挖 井 九 仞 还 没 有 得 到 泉 水 ，,挖 井 九 仞 还 没 有 得 到 泉 水 ， 这 就 象 是 挖 井 一 样 无 伴 步 ，
掘 井 九 轫 而 不 及 泉 ， 犹 为 弃 井 也 。,挖 井 九 仞 还 没 有 得 到 泉 水 ， 就 把 它 当 作 废 井 了 吗 ？,现 在 挖 井 九 仞 还 没 有 得 到 泉 水 ， 就 好 象 是 弃 终 于 挖 井 了 。
犹 为 弃 井 也 。,就 把 它 当 作 废 井 了 吗 ？,一 样 就 弃 坏 的 井 壕 了 。
孟 子 曰 ：,孟 子 说 ：,孟 子 说 ：
孟 子 曰 ： 尧 舜 ，,孟 子 说 ： 尧 舜 之 爱 民 ，,孟 子 说 ： 尧 和 舜 ， 是 个 很 不 适 度 的 关 系 。
孟 子 曰 ： 尧 舜 ， 性 之 也 ；,孟 子 说 ： 尧 舜 之 爱 民 ， 是 出 于 本 性 ；,孟 子 说 ： 尧 和 舜 ， 是 人 的 本 性 ；
尧 舜 ，,尧 舜 之 爱 民 ，,尧 和 舜 ，
尧 舜 ， 性 之 也 ；,尧 舜 之 爱 民 ， 是 出 于 本 性 ；,尧 和 舜 ， 是 人 的 本 性 ； 是 人 的 本 性 ， 是 人 的 本 性 。
性 之 也 ；,是 出 于 本 性 ；,是 本 性 的 ；
汤 武 ，,汤 武 之 爱 民 ，,陈 汤 、
汤 武 ， 身 之 也 ；,汤 武 之 爱 民 ， 是 身 体 力 行 ；,陈 汤 武 是 个 人 ， 是 自 身 的 事 物 ； 
身 之 也 ；,是 身 体 力 行 ；,是 身 体 的 一 部 分 ；
五 霸 ，,五 霸 之 爱 民 ，,五 霸 之 爱 民 ，
五 霸 ， 假 之 也 。,五 霸 之 爱 民 ， 是 假 借 爱 民 之 名 。,五 霸 之 爱 民 ， 是 假 借 。
假 之 也 。,是 假 借 爱 民 之 名 。,是 假 借 。
久 假 而 不 归 ，,长 久 地 假 借 而 不 归 还 ，,年 轻 假 借 而 不 归 还 ， 年 轻 假 借 而 不 回 家 ， 年 轻 假 借 而 不 回 答 ， 年 轻 假 借 而 不 回 去 ，
久 假 而 不 归 ， 恶 知 其 非 有 也 。,长 久 地 假 借 而 不 归 还 ， 怎 么 知 道 他 们 不 会 有 爱 民 的 行 为 呢 ？,久 停 而 不 返 回 ， 怎 么 知 道 他 们 不 具 备 所 需 的 各 种 东 西 呢 ？
恶 知 其 非 有 也 。,怎 么 知 道 他 们 不 会 有 爱 民 的 行 为 呢 ？,不 知 道 他 们 不 是 有 所 不 干 。
公 孙 丑 曰 ：,公 孙 丑 说 ：,公 孙 丑 说 ：
公 孙 丑 曰 ： 伊 尹 曰 ：,公 孙 丑 说 ： 伊 尹 曾 经 说 ：,公 孙 丑 说 ： 伊 尹 又 说 ： ， 伊 尹 说 ： ，
公 孙 丑 曰 ： 伊 尹 曰 ： 予 不 狎 于 不 顺 。,公 孙 丑 说 ： 伊 尹 曾 经 说 ： 我 不 亲 近 不 顺 理 的 人 。,公 孙 丑 说 ： 伊 尹 先 生 说 ： 我 不 愿 意 不 顺 理 的 人 说 不 顺 理 的 东 西 。
伊 尹 曰 ：,伊 尹 曾 经 说 ：,伊 尹 说 ： 孟 子 说 ：
伊 尹 曰 ： 予 不 狎 于 不 顺 。,伊 尹 曾 经 说 ： 我 不 亲 近 不 顺 理 的 人 。,伊 尹 说 ： 我 不 游 览 不 顺 理 的 博 兼 稍 理 解 的 人 。
予 不 狎 于 不 顺 。,我 不 亲 近 不 顺 理 的 人 。,我 不 愿 意 执 行 不 顺 理 的 政 策 。
放 太 甲 于 桐 ，,于 是 将 太 甲 放 逐 在 桐 邑 ，,晏 子 把 太 甲 放 在 �
放 太 甲 于 桐 ， 民 大 悦 。,于 是 将 太 甲 放 逐 在 桐 邑 ， 百 姓 很 高 兴 。,拿 到 太 甲 的 桐 贵 族 ， 百 姓 很 高 兴 。
民 大 悦 。,百 姓 很 高 兴 。,公 孙 丑 问 ：
太 甲 贤 。,太 甲 变 得 贤 能 了 ，,太 甲 贤 明 。
又 反 之 ，,又 让 他 返 回 来 执 政 ，,又 让 他 再 反 躬 ，
又 反 之 ， 民 大 悦 。,又 让 他 返 回 来 执 政 ， 百 姓 也 很 高 兴 。,又 要 另 一 次 杀 死 老 师 ， 老 百 姓 很 高 兴 。
民 大 悦 。,百 姓 也 很 高 兴 。,公 孙 丑 问 ：
贤 者 之 为 人 臣 也 ，,贤 人 做 别 人 的 臣 子 ，,贤 人 当 事 害 臭 的 人 ， 却 会 执 行 害 臭 的 政 令 ， 这 就 称 之 为 臣 ，
贤 者 之 为 人 臣 也 ， 其 君 不 贤 ，,贤 人 做 别 人 的 臣 子 ， 他 的 国 君 不 贤 明 ，,贤 人
贤 者 之 为 人 臣 也 ， 其 君 不 贤 ， 则 固 可 放 与 ？,贤 人 做 别 人 的 臣 子 ， 他 的 国 君 不 贤 明 ， 就 可 以 把 他 放 逐 吗 ？,贤 人 报 服 于 人 臣 ， 如 果 君 主 不 贤 明 ， 那 就 可 以 放 够 偕 亲 吧 ？
其 君 不 贤 ，,他 的 国 君 不 贤 明 ，,他 的 国 君 不 贤 明 ， 国 君 不 贤 明 ， 国 君 不 贤 明 ， 国 君 不 贤 明 ， 国 君 不 贤 明 ， 国 君 不 贤 明 ，
其 君 不 贤 ， 则 固 可 放 与 ？,他 的 国 君 不 贤 明 ， 就 可 以 把 他 放 逐 吗 ？,国 家 的 君 主 不 贤 明 ， 那 就 可 以 放 够 偕 亡 吗 ？
则 固 可 放 与 ？,就 可 以 把 他 放 逐 吗 ？,可 是 您 还 不 愿 意 放 逐 吗 ？
孟 子 曰 ：,孟 子 说 ：,孟 子 说 ：
孟 子 曰 ： 有 伊 尹 之 志 ，,孟 子 说 ： 有 伊 尹 这 样 大 公 无 私 的 心 志 ，,孟 子 说 ： 有 伊 尹 这 样 大 公 无 私 的 心 志 ， ， 这 就 是 社 会 主 张 的 根 基 。
孟 子 曰 ： 有 伊 尹 之 志 ， 则 可 ；,孟 子 说 ： 有 伊 尹 这 样 大 公 无 私 的 心 志 ， 就 可 以 这 样 做 。,孟 子 说 ： 有 伊 尹 这 样 大 公 无 私 的 心 志 ， 那 就 可 以 ；
有 伊 尹 之 志 ，,有 伊 尹 这 样 大 公 无 私 的 心 志 ，,有 伊 尹 这 样 大 公 无 私 的 心 志 ， 这
有 伊 尹 之 志 ， 则 可 ；,有 伊 尹 这 样 大 公 无 私 的 心 志 ， 就 可 以 这 样 做 。,有 伊 尹 这 样 大 公 无 私 的 心 志 ， 那 就 可 以 ；
则 可 ；,就 可 以 这 样 做 。,是 可 以 的 ；
无 伊 尹 之 志 ，,没 有 伊 尹 这 样 大 公 无 私 的 心 志 ，,没 有 伊 尹 这 样 大 公 无 私 的 心 志 ， ， ， ，
无 伊 尹 之 志 ， 则 篡 也 。,没 有 伊 尹 这 样 大 公 无 私 的 心 志 ， 那 就 叫 篡 权 了 。,没 有 伊 尹 这 样 大 公 无 私 的 心 志 ， 那 就 会 变 成 篡 权 。
则 篡 也 。,那 就 叫 篡 权 了 。,则 会 受 到 权 力 的 势 力 。
公 孙 丑 曰 ：,公 孙 丑 说 ：,公 孙 丑 说 ：
公 孙 丑 曰 ： 诗 曰 不 素 餐 兮 ，,公 孙 丑 说 ： 《 诗 经 》 上 说 ： 不 能 白 吃 饭 啊 。,公 孙 丑 说 ： 《 诗 经 》 上 说 ： 不 能 搭 干 粮 食 的 餐 桌 啊 ， 这 说 到 归 还 主 题 了 ， 我 也 不 愿
公 孙 丑 曰 ： 诗 曰 不 素 餐 兮 ， 君 子 之 不 耕 而 食 ，,公 孙 丑 说 ： 《 诗 经 》 上 说 ： 不 能 白 吃 饭 啊 。 现 在 的 君 子 却 不 耕 种 而 有 饮 食 ，,公 孙 丑 说 ： 《 诗 经 》 上 说 ： 不 能 搭 干 凉 吃 饭 啊 ， 君 子 不 耕 借 而
诗 曰 不 素 餐 兮 ，,《 诗 经 》 上 说 ： 不 能 白 吃 饭 啊 。,《 诗 经 》 上 说 ： 不
诗 曰 不 素 餐 兮 ， 君 子 之 不 耕 而 食 ，,《 诗 经 》 上 说 ： 不 能 白 吃 饭 啊 。 现 在 的 君 子 却 不 耕 种 而 有 饮 食 ，,《 诗 经 》 上 说 ： 不 能 够 不 拂 着 餐 桌 兮 ， 君 子 不 耕 圆 而 受 饮 ， 这 就 是 诗 经 上 下 都
诗 曰 不 素 餐 兮 ， 君 子 之 不 耕 而 食 ， 何 也 ？,《 诗 经 》 上 说 ： 不 能 白 吃 饭 啊 。 现 在 的 君 子 却 不 耕 种 而 有 饮 食 ， 这 是 为 什 么 呢 ？,《 诗 经 》 说 ： 不 能 充 满 餐 桌 兮 ， 君 子 不 耕 种 而 养 活 ， 为 什 么 呢 ？
君 子 之 不 耕 而 食 ，,现 在 的 君 子 却 不 耕 种 而 有 饮 食 ，,现 在 的 君 子 不 耕 种 而 吃 饭 ， 这 就 是 杀 灵 芸 了 ， 杀 灵 芸 的 人 也 会 被 灵 芸 所 困 。
君 子 之 不 耕 而 食 ， 何 也 ？,现 在 的 君 子 却 不 耕 种 而 有 饮 食 ， 这 是 为 什 么 呢 ？,现 在 的 君 子 不 耕 种 而 吃 饭 ， 为 什 么 ？
何 也 ？,这 是 为 什 么 呢 ？,现 在 是 为 什 么 呢 ？
孟 子 曰 ：,孟 子 说 ：,孟 子 说 ：
孟 子 曰 ： 君 子 居 是 国 也 ，,孟 子 说 ： 君 子 居 住 在 这 个 国 家 ，,孟 子 说 ： 君 子 居 住 在 这 个 国 家 ， 那 就 可 以 统 一 天 下 。
孟 子 曰 ： 君 子 居 是 国 也 ， 其 君 用 之 ，,孟 子 说 ： 君 子 居 住 在 这 个 国 家 ， 这 个 国 家 的 君 主 任 用 他 ，,孟 子 说 ： 君 子 居 住 在 这 个 国 家 ， 国 家 的 君 主 使 用 他 ，
君 子 居 是 国 也 ，,君 子 居 住 在 这 个 国 家 ，,国 家 的 君 子 居 住 在 这 个 国 家 ， 这 个 国 家 就 是 国 家 做 到 最 佳 的 了 ， 国 家 的 人 民 也 会 最 佳 。
君 子 居 是 国 也 ， 其 君 用 之 ，,君 子 居 住 在 这 个 国 家 ， 这 个 国 家 的 君 主 任 用 他 ，,君 子 居 住 在 这 个 国 家 ， 他 的 君 主 用 他 ， 那 国 家 就 会 变 得 好 倒 退 了 。
君 子 居 是 国 也 ， 其 君 用 之 ， 则 安 富 尊 荣 ；,君 子 居 住 在 这 个 国 家 ， 这 个 国 家 的 君 主 任 用 他 ， 那 么 国 家 就 安 定 富 裕 、 尊 贵 显 荣 ；,君 子 居 住 在 这 个 国 家 ， 国 家 君 主 用 他 ， 那 国 家 安 定 富 裕 ， 荣 尊 荣 荣 ；
其 君 用 之 ，,这 个 国 家 的 君 主 任 用 他 ，,昔 年 的 君 主 如 果 能 够 使 用 ，
其 君 用 之 ， 则 安 富 尊 荣 ；,这 个 国 家 的 君 主 任 用 他 ， 那 么 国 家 就 安 定 富 裕 、 尊 贵 显 荣 ；,一 个 贤 明 的 君 主 用 他 ， 那 就 安 定 富 裕 、 尊 贵 高 贵 ；
则 安 富 尊 荣 ；,那 么 国 家 就 安 定 富 裕 、 尊 贵 显 荣 ；,那 么 就 安 定 富 裕 的 国 家 ， 荣 尊 于 天 下 。
其 子 弟 从 之 ，,国 家 的 少 年 弟 子 跟 从 他 学 ，,国 家 的 儿 子 从 他 们 学 到 ， 国 家 很 大 ， 国 家 很 强 大 。
其 子 弟 从 之 ， 则 孝 弟 忠 信 。,国 家 的 少 年 弟 子 跟 从 他 学 ， 忠 实 、 诚 信 。,如 果 他 的 儿 子 从 他 学 历 ， 那 么 他 的 父 亲 和 子 弟 相 信 彰 尧 忠 实 。
则 孝 弟 忠 信 。,忠 实 、 诚 信 。,一 个 孝 弟 的 父 亲 忠 实 到 底 ， 父 亲 的 爱 民 忠 实 到 底 ， 父 亲 的 信 徒 忠 实 到 底 ，
不 素 餐 兮 ，,比 起 白 吃 饭 啊 ，,不 仅 不 羁 绊 餐 兮 ，
不 素 餐 兮 ， 孰 大 于 是 ？,比 起 白 吃 饭 啊 ， 哪 种 作 用 更 大 ？,不 仅 不 羁 绊 餐 兮 ， 哪 种 羊 驴 更 大 了 ？
孰 大 于 是 ？,哪 种 作 用 更 大 ？,是 上 面 的 什 么 大 了 呢 ？
滕 文 公 问 曰 ：,滕 文 公 问 道 ：,滕 文 公 问 道 ：
滕 文 公 问 曰 ： 小 国 也 ，,滕 文 公 问 道 ： 腾 国 是 一 个 小 国 ，,滕 文 公 问 道 ： 这 是 个 小 国 ， 宋 国 是 个 大 国 ，
滕 文 公 问 曰 ： 小 国 也 ， 间 于 齐 楚 。,滕 文 公 问 道 ： 腾 国 是 一 个 小 国 ， 处 在 齐 国 和 楚 国 两 个 大 国 之 司 。,滕 文 公 问 道 ： 我 们 是 个 小 国 ， 在 齐 国 和 楚 国 之 间 。
小 国 也 ，,腾 国 是 一 个 小 国 ，,是 个 小 国 ，
小 国 也 ， 间 于 齐 楚 。,腾 国 是 一 个 小 国 ， 处 在 齐 国 和 楚 国 两 个 大 国 之 司 。,是 个 小 国 ， 在 齐 国 和 楚 国 之 间 。
间 于 齐 楚 。,处 在 齐 国 和 楚 国 两 个 大 国 之 司 。,在 齐 国 和 楚 国 之 间 。
事 齐 乎 ？,是 归 服 齐 国 好 呢 ，,是 要 关 闭 齐 国 吗 ？
事 楚 乎 ？,还 是 归 服 楚 国 好 呢 ？,是 否 是 事 情 楚 乎 ？
孟 子 对 曰 ：,孟 子 回 答 说 ：,孟 子 回 答 说 ：
孟 子 对 曰 ： 是 谋 非 吾 所 能 及 也 。,孟 子 回 答 说 ： 到 底 归 服 哪 个 国 家 好 我 也 说 不 清 。,孟 子 回 答 说 ： 这 是 我 们 不 能 所 做 的 最 佳 行 为 方 式 。
是 谋 非 吾 所 能 及 也 。,到 底 归 服 哪 个 国 家 好 我 也 说 不 清 。,这 就 超 过 我 所 能 做 的 。
无 已 ，,如 果 您 一 定 要 我 谈 谈 看 法 ，,没 有 停 止 了 ，
无 已 ， 则 有 一 焉 ：,如 果 您 一 定 要 我 谈 谈 看 法 ， 那 倒 是 只 有 另 一 个 办 法 ：,如 果 没 有 尽 了 ， 那 就 有 另 一 个 办 法 ： ：
无 已 ， 则 有 一 焉 ： 凿 斯 池 也 ，,如 果 您 一 定 要 我 谈 谈 看 法 ， 那 倒 是 只 有 另 一 个 办 法 ： 把 护 城 河 挖 深 ，,如 果 没 有 尽 了 ， 那 就 有 唯 一 办 法 ： 把 益 处 的 池 墙 拔 折 一 半 ，
则 有 一 焉 ：,那 倒 是 只 有 另 一 个 办 法 ：,那 就 有 另 一 个 办 法 ： 可 是 ： 先 前 的 行 为 都 是 错 误 的 ， 所 以 最 佳 办 法 是 把 它 废 弃 。
则 有 一 焉 ： 凿 斯 池 也 ，,那 倒 是 只 有 另 一 个 办 法 ： 把 护 城 河 挖 深 ，,那 又 有 另 一 个 办 法 ： 把 益 于 护 城 河 墙 折 缝 ， 折 缝 缝 凿 ， 折 缝 缝 凿 ，
则 有 一 焉 ： 凿 斯 池 也 ， 筑 斯 城 也 ，,那 倒 是 只 有 另 一 个 办 法 ： 把 护 城 河 挖 深 ， 把 城 墙 筑 坚 固 ，,那 又 有 另 一 个 办 法 ： 把 益 国 的 城 墙 缝 缝 clean 干 ， 把 益 国 的 池 壮 壮 干 净 ， 益 国
凿 斯 池 也 ，,把 护 城 河 挖 深 ，,把 护 城 河 挖 深 ，
凿 斯 池 也 ， 筑 斯 城 也 ，,把 护 城 河 挖 深 ， 把 城 墙 筑 坚 固 ，,把 护 城 河 挖 深 ， 把 城 墙 筑 坚 固 ， 把 城 库 挖 深 ， 把 城 库 筑 坚 固 ，
凿 斯 池 也 ， 筑 斯 城 也 ， 与 民 守 之 ，,把 护 城 河 挖 深 ， 把 城 墙 筑 坚 固 ， 与 老 百 姓 一 起 坚 守 它 ，,把 护 城 河 挖 深 ， 把 城 墙 筑 坚 固 ， 与 老 百 姓 共 同 坚 守 它 ， ， ， ， ，
筑 斯 城 也 ，,把 城 墙 筑 坚 固 ，,搭 建 这 个 城 ， 筑 墙 高 深 ， 护 城 巍 峰 ， 护 城 巍 峰 。
筑 斯 城 也 ， 与 民 守 之 ，,把 城 墙 筑 坚 固 ， 与 老 百 姓 一 起 坚 守 它 ，,把 城 墙 筑 坚 固 ， 与 老 百 姓 一 起 坚 守 它 ， 这 就 是 规 划 好 城 墙 的 方 法 了 。
筑 斯 城 也 ， 与 民 守 之 ， 效 死 而 民 弗 去 ，,把 城 墙 筑 坚 固 ， 与 老 百 姓 一 起 坚 守 它 ， 宁 可 献 出 生 命 老 百 姓 也 不 退 去 ，,把 城 墙 筑 坚 固 ， 与 老 百 姓 一 起 坚 守 它 ， 却 不 愿 意 遵 守 着 死 而 不 择 杀 老 百 姓
与 民 守 之 ，,与 老 百 姓 一 起 坚 守 它 ，,与 老 百 姓 一 起 坚 守 �
与 民 守 之 ， 效 死 而 民 弗 去 ，,与 老 百 姓 一 起 坚 守 它 ， 宁 可 献 出 生 命 老 百 姓 也 不 退 去 ，,与 老 百 姓 一 起 坚 守 它 ， 宁 可 献 出 生 命 老 百 姓 不 退 去 ， 。
与 民 守 之 ， 效 死 而 民 弗 去 ， 则 是 可 为 也 。,与 老 百 姓 一 起 坚 守 它 ， 宁 可 献 出 生 命 老 百 姓 也 不 退 去 ， 那 就 可 以 有 所 作 为 了 。,与 老 百 姓 一 起 坚 守 它 ， 宁 可 献 出 生 命 老 百 姓 也 不 退 去 ， 那 就 可 以 算 作 很 很 值 得 下 一 点 。
效 死 而 民 弗 去 ，,宁 可 献 出 生 命 老 百 姓 也 不 退 去 ，,拥 有 人 民 的 国 家 不 遗 俗 于 死 ， 那 就 不 会 退 落 。 ， 这 说 明 是 不 正 确 的 ， 正 确 的 应 该 是 ：
效 死 而 民 弗 去 ， 则 是 可 为 也 。,宁 可 献 出 生 命 老 百 姓 也 不 退 去 ， 那 就 可 以 有 所 作 为 了 。,能 够 为 老 百 姓 而 牺 牲 死 一 ， 那 就 可 以 了 。 
则 是 可 为 也 。,那 就 可 以 有 所 作 为 了 。,那 就 可 以 作 为 别 人 的 别 具 性 质 。
王 子 垫 问 曰 ：,王 子 垫 问 ：,孟 子 说 ： ， 而 王 子 垫 说 ： 。
王 子 垫 问 曰 ： 士 何 事 ？,王 子 垫 问 ： 读 书 人 做 什 么 事 呢 ？,王 子 垫 问 ： 读 书 人 怎 么 办 ？
士 何 事 ？,读 书 人 做 什 么 事 呢 ？,是 士 啊 ， 为 什 么 要 事 事 呢 ？
孟 子 曰 ：,孟 子 说 ：,孟 子 说 ：
孟 子 曰 ： 尚 志 。,孟 子 说 ： 崇 尚 志 向 。,现 代 汉 语 翻 译结果：孟 子 说 ： 意 志 很 强 。
尚 志 。,崇 尚 志 向 。,意 志 还 要 尚 志 一 样 。
曰 ：,王 子 垫 又 问 ：,陈 臻 说 ：
曰 ： 何 谓 尚 志 ？,王 子 垫 又 问 ： 怎 么 崇 尚 志 向 呢 ？,语 言 文 言 经 始 说 ： 你 今 日 何 谓 尚 志 ？
何 谓 尚 志 ？,怎 么 崇 尚 志 向 呢 ？,现 在 你 今 天 怎 么 办 ？
孟 子 曰 ：,孟 子 说 ：,孟 子 说 ：
孟 子 曰 ： 仲 子 ，,孟 子 说 ： 陈 仲 子 ，,孟 子 说 ： 仲 子 ，
孟 子 曰 ： 仲 子 ， 不 义 与 之 齐 国 而 弗 受 ，,孟 子 说 ： 陈 仲 子 ， 如 果 不 仁 义 而 把 整 个 齐 国 都 给 他 ，,孟 子 说 ： 公 孙 丑 ， 不 仁 民 的 国 家 与 他 相 比 ， 即 使 不 接 续 他 ， 还 不 会 拒 绝 他 。
仲 子 ，,陈 仲 子 ，,陈 仲 子 ，
仲 子 ， 不 义 与 之 齐 国 而 弗 受 ，,陈 仲 子 ， 如 果 不 仁 义 而 把 整 个 齐 国 都 给 他 ，,陈 仲 子 ， 不 仁 民 的 鲁 国 早 在 他 齐 国 但 不 接 续 他 的 政 治 ， 这 就 是 不 可 辜 的 。
仲 子 ， 不 义 与 之 齐 国 而 弗 受 ， 人 皆 信 之 ，,陈 仲 子 ， 如 果 不 仁 义 而 把 整 个 齐 国 都 给 他 ， 人 们 都 相 信 他 ，,陈 仲 子 ， 不 仁 民 的 国 家 与 他 相 比 ， 不 愿 意 接 住 他 ， 人 们 都 相 信 他 ， 但 是 不 是 最 佳 行 为 方
不 义 与 之 齐 国 而 弗 受 ，,如 果 不 仁 义 而 把 整 个 齐 国 都 给 他 ，,不 仁 爱 的 国 家 把 他 把 在 齐 国 把 一 批 人 召 唤 ， 齐 国 不 接 续 他 ， 而 他 不 接 续 齐 国 。
不 义 与 之 齐 国 而 弗 受 ， 人 皆 信 之 ，,如 果 不 仁 义 而 把 整 个 齐 国 都 给 他 ， 人 们 都 相 信 他 ，,不 仁 爱 的 国 家 把 整 个 国 家 都 送 给 它 ， 人 们 都 相 信 他 ， 但 是 不 能 得 到 它 们 的 帮 助 ， 所 以 怎 样
不 义 与 之 齐 国 而 弗 受 ， 人 皆 信 之 ， 是 舍 箪 食 豆 羹 之 义 也 。,如 果 不 仁 义 而 把 整 个 齐 国 都 给 他 ， 人 们 都 相 信 他 ， 这 好 象 就 是 舍 弃 一 箪 食 、 一 豆 汤 的 行 为 。,不 仁 爱 的 国 家 把 圣 人 推 行 于 整 个 国 家 ， 人 们 都 相 信 他 ， 这 就 是 �
人 皆 信 之 ，,人 们 都 相 信 他 ，,人 都 相 信 他 ， 但 是 不 能 掌 克 危 机 。
人 皆 信 之 ， 是 舍 箪 食 豆 羹 之 义 也 。,人 们 都 相 信 他 ， 这 好 象 就 是 舍 弃 一 箪 食 、 一 豆 汤 的 行 为 。,人 们 都 相 信 他 ， 是 因 为 他 搭 建 辘 辘 箪 箪 食 豆 糖 的 人 ， 这 是 舍 弃 别 人 的 行 为 。
是 舍 箪 食 豆 羹 之 义 也 。,这 好 象 就 是 舍 弃 一 箪 食 、 一 豆 汤 的 行 为 。,现 在 就 是 舍 弃 箪 箪 食 豆 粮 这 样 一 种 东 西 的 行 为 。
人 莫 大 焉 亡 亲 戚 、,人 最 大 的 过 错 是 不 要 亲 戚 、,人 最 大 的 爱 民 也 会 亡 灵 。 诸 侯 、 诸 侯 子 征 而 丧 。 
人 莫 大 焉 亡 亲 戚 、 君 臣 、,人 最 大 的 过 错 是 不 要 亲 戚 、 君 臣 、,人 最 大 的 爱 民 也 会 亡 灵 。 诸 侯 、 君 臣 、 这 些 都 是 读 书 人 ， 他 们 都 是 读 书 的 人 ， 但 是 不 是 读
人 莫 大 焉 亡 亲 戚 、 君 臣 、 上 下 。,人 最 大 的 过 错 是 不 要 亲 戚 、 君 臣 、 上 下 的 关 系 。,现 在 的 人 唤 起 古 之 人 的 勇 气 ， 如 果 不 去 规 划 ，
君 臣 、,君 臣 、,君 臣 、
君 臣 、 上 下 。,君 臣 、 上 下 的 关 系 。,国 家 的 君 臣 、 上 下 劳 役 。
上 下 。,上 下 的 关 系 。,一 面 面 临 危 难 的 另 一 面 又 面 临 危 难 的 。
以 其 小 者 信 其 大 者 ，,因 为 小 的 行 为 而 相 信 他 大 的 行 为 ，,担 心 小 事 终 成 大 事 ， 那 么 他 就 可 以 终 稍 差 不 多 的 大 事 。
以 其 小 者 信 其 大 者 ， 奚 可 哉 ？,因 为 小 的 行 为 而 相 信 他 大 的 行 为 ， 怎 么 能 行 呢 ？,以 为 他 们 小 的 ， 相 信 他 们 大 的 ， 为 什 么 可 以 ？
奚 可 哉 ？,怎 么 能 行 呢 ？,a. 为 什 么 可 以 呢 ？
桃 应 问 曰 ：,桃 应 问 道 ：,桃 应 问 道 ：
桃 应 问 曰 ： 舜 为 天 子 ，,桃 应 问 道 ： 如 果 舜 做 天 子 ，,桃 应 问 ：
桃 应 问 曰 ： 舜 为 天 子 ， 皋 陶 为 士 ，,桃 应 问 道 ： 如 果 舜 做 天 子 ， 皋 陶 执 行 法 律 ，,桃 应 问 道 ：
舜 为 天 子 ，,如 果 舜 做 天 子 ，,舜 执 行 天 子 职 贡 ， 
舜 为 天 子 ， 皋 陶 为 士 ，,如 果 舜 做 天 子 ， 皋 陶 执 行 法 律 ，,舜 是 天 子 ， 皋 陶 是 读 书 、 农 耕 的 ， 皆 是 天 下 的 人 贤 者 ， 皆 是 天 下 的 人 贤 才 能 ，
舜 为 天 子 ， 皋 陶 为 士 ， 瞽 瞍 杀 人 ，,如 果 舜 做 天 子 ， 皋 陶 执 行 法 律 ， 要 是 舜 的 父 亲 瞽 瞍 杀 了 人 ，,舜 是 天 子 ， 皋 陶 是 读 书 人 ， 瞼 瞍 杀 人 ，
皋 陶 为 士 ，,皋 陶 执 行 法 律 ，,皋 陶 是 个 读 书 的 人 ， 甚 如 是 ，
皋 陶 为 士 ， 瞽 瞍 杀 人 ，,皋 陶 执 行 法 律 ， 要 是 舜 的 父 亲 瞽 瞍 杀 了 人 ，,皋 陶 是 个 读 书 的 人 ， 瞼 瞍 刺 着 别 人 ，
皋 陶 为 士 ， 瞽 瞍 杀 人 ， 则 如 之 何 ？,皋 陶 执 行 法 律 ， 要 是 舜 的 父 亲 瞽 瞍 杀 了 人 ， 应 该 怎 么 办 ？,皋 陶 是 个 读 书 人 ， 瞼 瞍 刺 人 ， 怎 么 办 呢 ？
瞽 瞍 杀 人 ，,要 是 舜 的 父 亲 瞽 瞍 杀 了 人 ，,毁 灭 别 人 ，
瞽 瞍 杀 人 ， 则 如 之 何 ？,要 是 舜 的 父 亲 瞽 瞍 杀 了 人 ， 应 该 怎 么 办 ？,杀 死 别 人 的 瞽 瞍 ， 那 么 应 该 怎 么 办 ？
则 如 之 何 ？,应 该 怎 么 办 ？,什 么 呢 ？
孟 子 曰 ：,孟 子 说 ：,孟 子 说 ：
孟 子 曰 ： 执 之 而 已 矣 。,孟 子 说 ： 逮 捕 他 也 就 是 了 。,语 义 结 果 为 一 样 。
执 之 而 已 矣 。,逮 捕 他 也 就 是 了 。,一 直 跟 着 他 一 样 ， 终 于 是 这 样 。
然 则 舜 不 禁 与 ？,那 么 舜 不 禁 止 他 们 吗 ？,那 么 舜 不 禁 止 他 们 吗 ？
曰 ：,孟 子 说 ：,陈 臻 说 ：
曰 ： 夫 舜 恶 得 而 禁 之 ？,孟 子 说 ： 舜 怎 么 能 让 皋 陶 不 执 行 法 律 呢 ？,陈 臻 说 ： 舜 怎 么 能 抵 抗 别 人 都 要 好 好 的 别 人 都 禁 权 的 呢 ？
夫 舜 恶 得 而 禁 之 ？,舜 怎 么 能 让 皋 陶 不 执 行 法 律 呢 ？,是 否 舜 恶 得 到 而 禁 令 他 停 ？
夫 有 所 受 之 也 。,舜 当 国 家 的 天 子 就 要 接 受 这 个 国 家 的 法 律 。,是 做 到 吗 ？
然 则 舜 如 之 何 ？,那 么 舜 该 怎 么 办 呢 ？,那 么 舜 象 这 样 用 办 吗 ？
曰 ：,孟 子 说 ：,陈 臻 说 ：
曰 ： 舜 视 弃 天 下 ，,孟 子 说 ： 舜 看 待 天 下 有 如 看 待 穿 破 的 鞋 子 。,陈 臻 说 ： 舜 看 待 天 下 有 如 看 待 垫 儿 ， 而 不 惜 天 下 ， 这 说 明 孔 子 辨 别 却 很 勤 劳 ，
曰 ： 舜 视 弃 天 下 ， 窃 负 而 逃 ，,孟 子 说 ： 舜 看 待 天 下 有 如 看 待 穿 破 的 鞋 子 。 他 会 偷 偷 背 着 父 亲 逃 跑 ，,陈 臻 说 ： 如 果 舜 看 待 天 下 的 人 悄 悄 逃 跑 ， 怎 么 不 贪 婪 呢 ？ 
舜 视 弃 天 下 ，,舜 看 待 天 下 有 如 看 待 穿 破 的 鞋 子 。,舜 看 见 天 下 的 人
舜 视 弃 天 下 ， 窃 负 而 逃 ，,舜 看 待 天 下 有 如 看 待 穿 破 的 鞋 子 。 他 会 偷 偷 背 着 父 亲 逃 跑 ，,舜 看 待 天 下 有 如 看 待 垫 儿 ， 恶 好 象 正 好 的 ， 恨 不 逃 脱 ，
舜 视 弃 天 下 ， 窃 负 而 逃 ， 遵 海 滨 而 处 ，,舜 看 待 天 下 有 如 看 待 穿 破 的 鞋 子 。 他 会 偷 偷 背 着 父 亲 逃 跑 ， 沿 海 边 住 下 ，,舜 看 待 天 下 有 如 看 待 干 妇 ， 害 怕 别 人 的 威 胁 ， 仔 细 规 划 海 边 山 �
窃 负 而 逃 ，,他 会 偷 偷 背 着 父 亲 逃 跑 ，,欤 沪 糊 糊 的 偷 负 偷 逃 ， 是 个 偷 偷 胜 败 胜 的 偷 偷 逃 荒 的 ， 是 个 偷 偷 胜 败 胜 的 偷 偷 逃
窃 负 而 逃 ， 遵 海 滨 而 处 ，,他 会 偷 偷 背 着 父 亲 逃 跑 ， 沿 海 边 住 下 ，,欺 诈 受 害 而 胆 诛 ， 遵 循 海 边 邠 边 处 处 ， 仔 细 规 划 每 一 个 地 方 ，
窃 负 而 逃 ， 遵 海 滨 而 处 ， 终 身  然 ，,他 会 偷 偷 背 着 父 亲 逃 跑 ， 沿 海 边 住 下 ， 终 生 高 高 兴 兴 的 ，,欺 诈 半 尸 跟 逃 跑 ， 仔 细 规 划 海 边 邠 国 处 居 住 ， 最 后 只 能 叫 做 徒
遵 海 滨 而 处 ，,沿 海 边 住 下 ，,沿 海 边 住 下 ，
遵 海 滨 而 处 ， 终 身  然 ，,沿 海 边 住 下 ， 终 生 高 高 兴 兴 的 ，,仔 细 观 海 边 而 住 ， 终 生 高 高 兴 兴 的 ， 但 是 不 能 够 听 到 别 人 的 声 音 ，
遵 海 滨 而 处 ， 终 身  然 ， 乐 而 忘 天 下 。,沿 海 边 住 下 ， 终 生 高 高 兴 兴 的 ， 快 乐 得 忘 掉 天 下 。,沿 海 边 住 下 ， 最 后 是 快 乐 而 忘 记 天 下 ， 快 乐 而 忘 记 天 下 。
终 身  然 ，,终 生 高 高 兴 兴 的 ，,最 后 生 活 高 兴 ，
终 身  然 ， 乐 而 忘 天 下 。,终 生 高 高 兴 兴 的 ， 快 乐 得 忘 掉 天 下 。,最 后 是 否 ， 快 乐 而 忘 录 天 下 ， 这 就 是 爱 民 的 很 巧 趋 法 。
乐 而 忘 天 下 。,快 乐 得 忘 掉 天 下 。,语 义 上 就 会 忘 记 天 下 ，
孟 子 自 范 之 齐 ，,孟 子 从 范 邑 到 齐 国 的 国 都 ，,孟 子 自 范 邑 统 治 齐 国 ， 范 邑 有 洁 净 ， 齐 国 有 很 多 人 ， 但 是 孟 子 还 是 不 愿 意 召 开 ， 这 就 是 孟 子 不
孟 子 自 范 之 齐 ， 望 见 齐 王 之 子 。,孟 子 从 范 邑 到 齐 国 的 国 都 ， 远 远 看 见 齐 王 的 儿 子 ，,现 在 是 范 邑 的 所 有 鲁 国 的 君 主 ， 看 见 齐 王 的 儿 子 。
望 见 齐 王 之 子 。,远 远 看 见 齐 王 的 儿 子 ，,语 法 正 确 但 语 法 结 构 不 流 畅 ， 结 果 为 ：
喟 然 叹 曰 ：,感 叹 地 说 ：,叹 惧 而 叹 叹 说 ： 吁 喟 叹 叹 说 ： 吁 喟 叹 而 告 子 说 ：
喟 然 叹 曰 ： 居 移 气 ，,感 叹 地 说 ： 辨 别 事 物 能 够 改 变 人 的 气 质 ，,听 叹 而 问
喟 然 叹 曰 ： 居 移 气 ， 养 移 体 ，,感 叹 地 说 ： 辨 别 事 物 能 够 改 变 人 的 气 质 ， 养 尊 处 优 能 够 改 变 人 的 身 体 ，,是 叹 感 叹 说 ： 改 择 居 住 地 方 能 够 改 变 人 的 意 气 ， 饮 食 习 惯 能 够 改 变 人 的 身 体 ，
居 移 气 ，,辨 别 事 物 能 够 改 变 人 的 气 质 ，,一 个 又 有 正 确 气 趋 势 的 人 ， 能 使 人 的 意 气 移 动 ， 就 可 以 使 人 变 得 更 正 正 的 。 
居 移 气 ， 养 移 体 ，,辨 别 事 物 能 够 改 变 人 的 气 质 ， 养 尊 处 优 能 够 改 变 人 的 身 体 ，,一 个 地 方 的 人 ， 能 够 改 变 人 的 意 气 ， 能 够 改 善 很 多 的 人 的 身 体 ， 是 又 有 很 多 东 西 。
居 移 气 ， 养 移 体 ， 大 哉 居 乎 ！,辨 别 事 物 能 够 改 变 人 的 气 质 ， 养 尊 处 优 能 够 改 变 人 的 身 体 ， 辨 别 事 物 是 很 重 要 的 啊 ！,一 个 正 确 的 人 的 意 气 能 够 改 变 人 的 气 质 ， 正 确 的 人 的 身 体 能 够 改 变 人 的 人 性 ， 这 是 很 大 的 事 物 。
养 移 体 ，,养 尊 处 优 能 够 改 变 人 的 身 体 ，,要 养 尊 气 ， 要 养 尊 美 严 ， 要 养 尊 诚 实 ， 要 养 尊 诚 诚 ， 要 养 尊 诚 诚 ，
养 移 体 ， 大 哉 居 乎 ！,养 尊 处 优 能 够 改 变 人 的 身 体 ， 辨 别 事 物 是 很 重 要 的 啊 ！,要 养 尊 气 至 于 养 尊 的 人 ， 是 很 重 要 的 做 法 。
大 哉 居 乎 ！,辨 别 事 物 是 很 重 要 的 啊 ！,是 很 重 要 的 ，
夫 非 尽 人 之 子 与 ？,难 道 不 同 样 是 人 的 儿 子 吗 ？,是 不 尽 了 人 的 子 奚 有 别 的 吗 ？
孟 子 曰 ：,孟 子 说 ：,孟 子 说 ：
孟 子 曰 ： 王 子 宫 室 、,孟 子 说 ： 王 子 所 住 的 宫 殿 、,孟 子 说 ： 王 子 所 住 的 宫 殿 、
孟 子 曰 ： 王 子 宫 室 、 车 马 、,孟 子 说 ： 王 子 所 住 的 宫 殿 、 所 乘 的 车 马 、,孟 子 说 ： 王 子 所 住 的 宫 殿 、 所 乘 的 车 马 、
王 子 宫 室 、,王 子 所 住 的 宫 殿 、,王 子 所 住 的 宫 殿 、
王 子 宫 室 、 车 马 、,王 子 所 住 的 宫 殿 、 所 乘 的 车 马 、,王 子 所 住 的 宫 殿 、 所 乘 的 车 马 、 所 离 离 的 人 、 所 谓 的 徒 劳 ， 都 是 各 有 不 同 的 意 义 。
王 子 宫 室 、 车 马 、 衣 服 多 与 人 同 ，,王 子 所 住 的 宫 殿 、 所 乘 的 车 马 、 所 穿 的 衣 服 大 多 是 与 别 人 相 同 的 ，,王 子 所 住 的 宫 殿 、 所 乘 的 车 马 、 所 穿 的 衣 服 很 多 ， 都 是 与 别 人 相 同 的 ， 这 就 使 他 不 能 �
车 马 、,所 乘 的 车 马 、,车 马 、
车 马 、 衣 服 多 与 人 同 ，,所 乘 的 车 马 、 所 穿 的 衣 服 大 多 是 与 别 人 相 同 的 ，,车 马 、 衣 服 多 与 人 同 乐 ， 但 是 不 能 使 人 愿 意 充 满 父 母 之 心 的 勇 气 和 勇 气 的 意 志 。
车 马 、 衣 服 多 与 人 同 ， 而 王 子 若 彼 者 ，,所 乘 的 车 马 、 所 穿 的 衣 服 大 多 是 与 别 人 相 同 的 ， 而 王 子 却 象 那 样 ，,车 马 、 衣 服 很 多 ， 与 人 同 类 ， 而 王 子 比 它 们 还 要 多 ， 狄 人 战 车 马 ，
衣 服 多 与 人 同 ，,所 穿 的 衣 服 大 多 是 与 别 人 相 同 的 ，,衣 服 比 别 人 多 的 ， 那 就 会 耳 惠 于 别 人 。
衣 服 多 与 人 同 ， 而 王 子 若 彼 者 ，,所 穿 的 衣 服 大 多 是 与 别 人 相 同 的 ， 而 王 子 却 象 那 样 ，,衣 服 比 别 人 多 的 ， 但 是 王 子 象 它 们 一 样 ， ， 。
衣 服 多 与 人 同 ， 而 王 子 若 彼 者 ， 其 居 使 之 然 也 ；,所 穿 的 衣 服 大 多 是 与 别 人 相 同 的 ， 而 王 子 却 象 那 样 ， 正 是 辨 别 事 物 使 他 那 样 的 。,衣 服 比 别 人 多 的 ， 但 是 王 子 象 别 人 一 样 ， 居 住 地 使 他 能 成 全 人 生 活 的 方 法 ； 
而 王 子 若 彼 者 ，,而 王 子 却 象 那 样 ，,而 王 子 则 象 那 样 ， 不 过 了 很 少 。
而 王 子 若 彼 者 ， 其 居 使 之 然 也 ；,而 王 子 却 象 那 样 ， 正 是 辨 别 事 物 使 他 那 样 的 。,而 王 子 则 象 那 样 ， 居 住 地 使 他 变 得 擅 长 ； 。
其 居 使 之 然 也 ；,正 是 辨 别 事 物 使 他 那 样 的 。,拥 有 正 确 的 居 住 地 方 可 以 使 人 能 够 执 行 正 确 的 道 路 。
况 居 天 下 之 广 居 者 乎 ？,何 况 是 能 辨 别 天 下 众 多 可 辨 别 的 东 西 呢 ？,是 否 能 广 泛 地 居 住 天 下 吗 ？
鲁 君 之 宋 ，,鲁 国 国 君 到 宋 国 ，,鲁 国 的 君 主 到 宋 国 ， 宋 国 的 人 民 怎 样 会 ？ ，
鲁 君 之 宋 ， 呼 于 垤 泽 之 门 。,鲁 国 国 君 到 宋 国 ， 在 垤 泽 门 大 声 喊 叫 ，,鲁 国 到 宋 国 ， 鲁 君 报 宋 国 垤 泽 门 。
呼 于 垤 泽 之 门 。,在 垤 泽 门 大 声 喊 叫 ，,现 在 只 有 垤 泽 的 门 口 呼 喊 来 。
守 者 曰 ：,守 门 人 说 ：,孔 子 和 其 守 者 说 ： ，
守 者 曰 ： 此 非 吾 君 也 ，,守 门 人 说 ： 这 并 不 是 我 们 宋 国 的 国 君 ，,保 守 的 人 说 ： 这 并 不 是 我 们 国 君 的 行 为 方 式 ，
守 者 曰 ： 此 非 吾 君 也 ， 何 其 声 之 似 我 君 也 ？,守 门 人 说 ： 这 并 不 是 我 们 宋 国 的 国 君 ， 为 什 么 他 的 声 调 那 么 象 我 们 宋 国 国 君 呢 ？,保 守 的 人 说 ： 这 不 是 我 们 的 国 家 ， 这 声 音 怎 么 象 我 们 国 家 一 样 呢 ？
此 非 吾 君 也 ，,这 并 不 是 我 们 宋 国 的 国 君 ，,这 不 是 我 们 的 国 家 ，
此 非 吾 君 也 ， 何 其 声 之 似 我 君 也 ？,这 并 不 是 我 们 宋 国 的 国 君 ， 为 什 么 他 的 声 调 那 么 象 我 们 宋 国 国 君 呢 ？,这 不 是 我 们 的 国 家 ， 这 声 音 怎 么 象 我 们 国 家 一 样 呢 ？
何 其 声 之 似 我 君 也 ？,为 什 么 他 的 声 调 那 么 象 我 们 宋 国 国 君 呢 ？,怎 么 使 他 的 声 音 似 到 我 们 的 君 主 呢 ？
此 无 他 ，,这 没 有 别 的 原 因 ，,这 没 有 别 的 原 因 ， 所 以 这 是 最 佳 行 为 方 式 。
此 无 他 ， 居 相 似 也 。,这 没 有 别 的 原 因 ， 辨 别 事 物 的 方 法 是 相 同 的 。,这 没 有 别 的 原 因 ， 只 是 因 为 它 与 另 外 的 人 相 比 就 象 一 样 了 。
居 相 似 也 。,辨 别 事 物 的 方 法 是 相 同 的 。,结 果 是 本 性 相 同 的 。
孟 子 曰 ：,孟 子 说 ：,孟 子 说 ：
孟 子 曰 ： 食 而 弗 爱 ，,孟 子 说 ： 养 活 别 人 而 没 有 爱 ，,孟 子 说 ： 养 活 别 人 而 没 有 爱 ，
孟 子 曰 ： 食 而 弗 爱 ， 豕 交 之 也 ；,孟 子 说 ： 养 活 别 人 而 没 有 爱 ， 就 象 养 猪 一 样 ；,孟 子 说 ： 有 饮 食 而 不 爱 宠 贵 于 猪 猪 交 ， 是 个 猪 猪 交 。
食 而 弗 爱 ，,养 活 别 人 而 没 有 爱 ，,又 有 充 满 爱 民 的 政 权 者 ， 又 不 爱 归 约 章 ， 又 不 爱 归 闵 ， 又 不 爱 归 邹 ， 又 不 爱 归 鲁 ， 又
食 而 弗 爱 ， 豕 交 之 也 ；,养 活 别 人 而 没 有 爱 ， 就 象 养 猪 一 样 ；,能 够 吃 东 西 而 不 爱 它 ， 就 象 养 猪 一 样 ；
豕 交 之 也 ；,就 象 养 猪 一 样 ；,是 个 猪 猪 交 宠 宠 的 事 。
爱 而 不 敬 ，,虽 然 爱 惜 却 不 恭 敬 ，,爱 惜 不 敬 ，
爱 而 不 敬 ， 兽 畜 之 也 。,虽 然 爱 惜 却 不 恭 敬 ， 就 象 养 禽 兽 一 样 。,能 爱 惜 不 敬 ， 就 象 兽 畜 一 样 。
兽 畜 之 也 。,就 象 养 禽 兽 一 样 。,就 是 养 禽 离 离 的 东 西 。
恭 敬 者 ，,所 谓 的 恭 敬 ，,恭 敬 的 人 ，
恭 敬 者 ， 币 之 未 将 者 也 。,所 谓 的 恭 敬 ， 应 该 在 礼 物 还 没 有 送 来 之 前 就 有 。,恭 敬 的 人 ， 就 象 没 有 交 通 货 币 没 有 买 俗 品 了 。
币 之 未 将 者 也 。,应 该 在 礼 物 还 没 有 送 来 之 前 就 有 。,现 在 还 没 有 统 一 所 用 的 货 币 。
恭 敬 而 无 实 ，,如 果 只 是 表 面 恭 恭 敬 敬 而 缺 乏 实 质 ，,恭 敬 而 没 有 实 价 的 ， 这 就 是 不 值 得 信 任 的 。 
恭 敬 而 无 实 ， 君 子 不 可 虚 拘 。,如 果 只 是 表 面 恭 恭 敬 敬 而 缺 乏 实 质 ， 那 么 君 子 就 不 能 被 虚 假 的 表 面 所 束 缚 。,语 义 上 太 谓 为 虚 而 不 行 为 实 践 ， 君 子 不 能 够 虚 假 地 拘 略 一 点 东 西 。
君 子 不 可 虚 拘 。,那 么 君 子 就 不 能 被 虚 假 的 表 面 所 束 缚 。,语 义 是 不 可 虚 假 的 。
孟 子 曰 ：,孟 子 说 ：,孟 子 说 ：
孟 子 曰 ： 形 色 ，,孟 子 说 ： 人 的 形 休 、 容 貌 ，,孟 子 说 ： 人 的 形 休 、 颜 色 ， 是 人 的 本 性 ，
孟 子 曰 ： 形 色 ， 天 性 也 ；,孟 子 说 ： 人 的 形 休 、 容 貌 ， 是 天 赋 予 的 。,孟 子 说 ： 人 的 形 休 、 颜 色 ， 是 天 的 本 性 ；
形 色 ，,人 的 形 休 、 容 貌 ，,人 的 形 休 、
形 色 ， 天 性 也 ；,人 的 形 休 、 容 貌 ， 是 天 赋 予 的 。,人 的 形 休 、 颜 色 ， 是 天 意 志 ；
天 性 也 ；,是 天 赋 予 的 。,是 天 赋 予 的 。
然 后 可 以 践 形 。,唯 有 圣 人 知 道 这 种 天 性 后 才 可 以 踩 踏 出 形 迹 。,一 到 底 践 平 形 ， 可 以 践 推 形 。
齐 宣 王 欲 短 丧 。,齐 宣 王 想 缩 短 丧 期 。,现 代 汉 语 翻 译结果：齐 宣 王 想 减 少 丧 诛 ，
公 孙 丑 曰 ：,公 孙 丑 说 ：,公 孙 丑 说 ：
公 孙 丑 曰 ： 为 期 之 丧 ，,公 孙 丑 说 ： 只 服 丧 一 年 ，,公 孙 丑 说 ： 只 服 丧 一
公 孙 丑 曰 ： 为 期 之 丧 ， 犹 愈 于 已 乎 ？,公 孙 丑 说 ： 只 服 丧 一 年 ， 还 是 比 不 服 丧 要 好 吧 ？,公 孙 丑 说 ： 只 服 丧 一 年 ， 还 是 比 不 服 丧 要 好 吧 ？
为 期 之 丧 ，,只 服 丧 一 年 ，,要 期 离 群 臣 ，
为 期 之 丧 ， 犹 愈 于 已 乎 ？,只 服 丧 一 年 ， 还 是 比 不 服 丧 要 好 吧 ？,是 为 期 限 下 丧 执 行 ， 还 是 比 不 愈 受 吧 ？
犹 愈 于 已 乎 ？,还 是 比 不 服 丧 要 好 吧 ？,是 怎 么 愈 于 这 些 呢 ？
孟 子 曰 ：,孟 子 说 ：,孟 子 说 ：
孟 子 曰 ： 是 犹 或 紾 其 兄 之 臂 ，,孟 子 说 ： 这 就 好 象 有 人 扭 他 哥 哥 的 胳 膊 ，,孟 子 说 ： 就 好 象 有
孟 子 曰 ： 是 犹 或 紾 其 兄 之 臂 ， 子 谓 之 姑 徐 徐 云 尔 ，,孟 子 说 ： 这 就 好 象 有 人 扭 他 哥 哥 的 胳 膊 ， 你 却 劝 你 慢 一 点 ，,孟 子 说 ： 就 好 象 有 人 扭 他 哥 哥 的 胳 膊 ， 先 生 说 ： 很 慢 一 点
是 犹 或 紾 其 兄 之 臂 ，,这 就 好 象 有 人 扭 他 哥 哥 的 胳 膊 ，,是 易 近 似 的 ， 就 好 象 有 关 锐 权 臂 的 兄 长 ， 但 是 不 能 真 正 几 分 吧 。
是 犹 或 紾 其 兄 之 臂 ， 子 谓 之 姑 徐 徐 云 尔 ，,这 就 好 象 有 人 扭 他 哥 哥 的 胳 膊 ， 你 却 劝 你 慢 一 点 ，,是 易 动 他 哥 哥 的 胳 膊 ， 先 生 又 慢 一 点 走 ，
是 犹 或 紾 其 兄 之 臂 ， 子 谓 之 姑 徐 徐 云 尔 ， 亦 教 之 孝 弟 而 已 矣 。,这 就 好 象 有 人 扭 他 哥 哥 的 胳 膊 ， 你 却 劝 你 慢 一 点 ， 应 该 教 育 他 孝 顺 父 母 ， 恭 敬 兄 长 。,现 在 还 是 挞 着 别 人 的 胳 膊 吧 ， 先 生 却 劝 你 要 �
子 谓 之 姑 徐 徐 云 尔 ，,你 却 劝 你 慢 一 点 ，,先 生 又 称 它 姑 妇 慢 慢 地 跟 你 见 ， 我 也 觉 得 很 刺 绤 。
子 谓 之 姑 徐 徐 云 尔 ， 亦 教 之 孝 弟 而 已 矣 。,你 却 劝 你 慢 一 点 ， 应 该 教 育 他 孝 顺 父 母 ， 恭 敬 兄 长 。,你 却 劝 你 慢 一 点 ， 教 育 你 孝 庆 父 母 而 已 了 。
亦 教 之 孝 弟 而 已 矣 。,应 该 教 育 他 孝 顺 父 母 ， 恭 敬 兄 长 。,现 在 教 育 人 又 要 孝 弟 啊 。
王 子 有 其 母 死 者 ，,王 子 中 有 死 了 母 亲 的 ，,王 子 有 受 禁 死 的 母 亲 ， 那 他 们 怎 么 忘 记 呢 ？ 他 们 怎 么 忘 记 呢 ？
王 子 有 其 母 死 者 ， 其 傅 为 之 请 数 月 之 丧 。,王 子 中 有 死 了 母 亲 的 ， 他 的 师 傅 为 他 请 求 服 丧 几 个 月 。,现 代 汉 语 翻 译结果：王 子 受 到 父 亲 死 的 悲 愤 ， 老 师 为 他 请 求 几 个 月 不 去 学 校 。
其 傅 为 之 请 数 月 之 丧 。,他 的 师 傅 为 他 请 求 服 丧 几 个 月 。,孟 子 的 师 傅 请 求 他 多 了 三 个 月 不 去 。
公 孙 丑 曰 ：,公 孙 丑 说 ：,公 孙 丑 说 ：
公 孙 丑 曰 ： 何 如 也 ？,公 孙 丑 说 ： 象 这 种 情 况 该 怎 样 处 理 呢 ？,公 孙 丑 说 ： 这 是 什 么 样 呢 ？
何 如 也 ？,象 这 种 情 况 该 怎 样 处 理 呢 ？,现 在 怎 样 办 呢 ？
曰 ：,孟 子 说 ：,陈 臻 说 ：
曰 ： 是 欲 终 之 而 不 可 得 也 。,孟 子 说 ： 他 这 是 想 服 丧 三 年 但 客 观 条 件 不 允 许 。,语 言 文 言 经 典 上 说 ： 孟 子 说 ： 他 们 恨 于 天 也 不 能 够 归 解 ，
是 欲 终 之 而 不 可 得 也 。,他 这 是 想 服 丧 三 年 但 客 观 条 件 不 允 许 。,这 是 因 为 要 要 归 服 天 也 ， 但 是 不 可 以 。
